0,0,1
0,0.005,1
0,0.01,0.999975
0,0.015,0.999926
0,0.02,0.999851
0,0.025,0.999752
0,0.03,0.999629
0,0.035,0.99948
0,0.04,0.999307
0,0.045,0.999109
0,0.05,0.998886
0,0.055,0.998639
0,0.06,0.998367
0,0.065,0.99807
0,0.07,0.997748
0,0.075,0.997402
0,0.08,0.997031
0,0.085,0.996635
0,0.09,0.996215
0,0.095,0.99577
0,0.1,0.995301
0,0.105,0.994806
0,0.11,0.994287
0,0.115,0.993744
0,0.12,0.993176
0,0.125,0.992583
0,0.13,0.991966
0,0.135,0.991324
0,0.14,0.990658
0,0.145,0.989967
0,0.15,0.989252
0,0.155,0.988512
0,0.16,0.987747
0,0.165,0.986959
0,0.17,0.986145
0,0.175,0.985308
0,0.18,0.984446
0,0.185,0.98356
0,0.19,0.982649
0,0.195,0.981714
0,0.2,0.980754
0,0.205,0.979771
0,0.21,0.978763
0,0.215,0.977731
0,0.22,0.976675
0,0.225,0.975594
0,0.23,0.974489
0,0.235,0.973361
0,0.24,0.972208
0,0.245,0.971031
0,0.25,0.96983
0,0.255,0.968605
0,0.26,0.967356
0,0.265,0.966083
0,0.27,0.964787
0,0.275,0.963466
0,0.28,0.962121
0,0.285,0.960753
0,0.29,0.959361
0,0.295,0.957945
0,0.3,0.956506
0,0.305,0.955042
0,0.31,0.953555
0,0.315,0.952045
0,0.32,0.950511
0,0.325,0.948953
0,0.33,0.947372
0,0.335,0.945768
0,0.34,0.94414
0,0.345,0.942488
0,0.35,0.940814
0,0.355,0.939116
0,0.36,0.937395
0,0.365,0.93565
0,0.37,0.933883
0,0.375,0.932092
0,0.38,0.930279
0,0.385,0.928442
0,0.39,0.926582
0,0.395,0.924699
0,0.4,0.922794
0,0.405,0.920865
0,0.41,0.918914
0,0.415,0.91694
0,0.42,0.914944
0,0.425,0.912924
0,0.43,0.910883
0,0.435,0.908818
0,0.44,0.906731
0,0.445,0.904622
0,0.45,0.90249
0,0.455,0.900336
0,0.46,0.89816
0,0.465,0.895961
0,0.47,0.89374
0,0.475,0.891497
0,0.48,0.889232
0,0.485,0.886945
0,0.49,0.884636
0,0.495,0.882306
0,0.5,0.879953
0,0.505,0.877579
0,0.51,0.875182
0,0.515,0.872765
0,0.52,0.870325
0,0.525,0.867864
0,0.53,0.865382
0,0.535,0.862878
0,0.54,0.860353
0,0.545,0.857806
0,0.55,0.855239
0,0.555,0.85265
0,0.56,0.85004
0,0.565,0.847409
0,0.57,0.844757
0,0.575,0.842084
0,0.58,0.83939
0,0.585,0.836676
0,0.59,0.833941
0,0.595,0.831185
0,0.6,0.828409
0,0.605,0.825612
0,0.61,0.822795
0,0.615,0.819957
0,0.62,0.817099
0,0.625,0.814221
0,0.63,0.811323
0,0.635,0.808405
0,0.64,0.805467
0,0.645,0.802509
0,0.65,0.799531
0,0.655,0.796533
0,0.66,0.793516
0,0.665,0.790479
0,0.67,0.787423
0,0.675,0.784347
0,0.68,0.781252
0,0.685,0.778138
0,0.69,0.775004
0,0.695,0.771852
0,0.7,0.76868
0,0.705,0.765489
0,0.71,0.76228
0,0.715,0.759052
0,0.72,0.755805
0,0.725,0.752539
0,0.73,0.749255
0,0.735,0.745953
0,0.74,0.742633
0,0.745,0.739294
0,0.75,0.735937
0,0.755,0.732562
0,0.76,0.729169
0,0.765,0.725758
0,0.77,0.72233
0,0.775,0.718884
0,0.78,0.71542
0,0.785,0.711939
0,0.79,0.708441
0,0.795,0.704925
0,0.8,0.701392
0,0.805,0.697843
0,0.81,0.694276
0,0.815,0.690693
0,0.82,0.687093
0,0.825,0.683476
0,0.83,0.679843
0,0.835,0.676193
0,0.84,0.672528
0,0.845,0.668846
0,0.85,0.665148
0,0.855,0.661435
0,0.86,0.657705
0,0.865,0.653961
0,0.87,0.6502
0,0.875,0.646425
0,0.88,0.642634
0,0.885,0.638828
0,0.89,0.635007
0,0.895,0.631171
0,0.9,0.627321
0,0.905,0.623456
0,0.91,0.619577
0,0.915,0.615684
0,0.92,0.611777
0,0.925,0.607855
0,0.93,0.60392
0,0.935,0.599972
0,0.94,0.59601
0,0.945,0.592035
0,0.95,0.588047
0,0.955,0.584045
0,0.96,0.580032
0,0.965,0.576005
0,0.97,0.571967
0,0.975,0.567916
0,0.98,0.563853
0,0.985,0.559778
0,0.99,0.555692
0,0.995,0.551595
0,1,0.547486
0,1.005,0.543367
0,1.01,0.539236
0,1.015,0.535095
0,1.02,0.530944
0,1.025,0.526783
0,1.03,0.522612
0,1.035,0.518431
0,1.04,0.514241
0,1.045,0.510042
0,1.05,0.505834
0,1.055,0.501618
0,1.06,0.497393
0,1.065,0.49316
0,1.07,0.488919
0,1.075,0.484671
0,1.08,0.480416
0,1.085,0.476153
0,1.09,0.471884
0,1.095,0.467609
0,1.1,0.463327
0,1.105,0.45904
0,1.11,0.454748
0,1.115,0.45045
0,1.12,0.446148
0,1.125,0.441841
0,1.13,0.43753
0,1.135,0.433215
0,1.14,0.428897
0,1.145,0.424576
0,1.15,0.420253
0,1.155,0.415927
0,1.16,0.411599
0,1.165,0.40727
0,1.17,0.402939
0,1.175,0.398608
0,1.18,0.394277
0,1.185,0.389946
0,1.19,0.385615
0,1.195,0.381285
0,1.2,0.376957
0,1.205,0.37263
0,1.21,0.368306
0,1.215,0.363985
0,1.22,0.359667
0,1.225,0.355353
0,1.23,0.351042
0,1.235,0.346737
0,1.24,0.342436
0,1.245,0.338142
0,1.25,0.333853
0,1.255,0.329571
0,1.26,0.325296
0,1.265,0.321029
0,1.27,0.316771
0,1.275,0.312521
0,1.28,0.30828
0,1.285,0.304049
0,1.29,0.299829
0,1.295,0.295619
0,1.3,0.291422
0,1.305,0.287236
0,1.31,0.283063
0,1.315,0.278903
0,1.32,0.274757
0,1.325,0.270626
0,1.33,0.266509
0,1.335,0.262408
0,1.34,0.258324
0,1.345,0.254256
0,1.35,0.250206
0,1.355,0.246173
0,1.36,0.24216
0,1.365,0.238165
0,1.37,0.234191
0,1.375,0.230237
0,1.38,0.226304
0,1.385,0.222393
0,1.39,0.218504
0,1.395,0.214638
0,1.4,0.210796
0,1.405,0.206978
0,1.41,0.203185
0,1.415,0.199417
0,1.42,0.195675
0,1.425,0.19196
0,1.43,0.188272
0,1.435,0.184612
0,1.44,0.180981
0,1.445,0.177378
0,1.45,0.173805
0,1.455,0.170262
0,1.46,0.16675
0,1.465,0.163269
0,1.47,0.159821
0,1.475,0.156404
0,1.48,0.153021
0,1.485,0.149671
0,1.49,0.146355
0,1.495,0.143074
0,1.5,0.139827
0,1.505,0.136617
0,1.51,0.133442
0,1.515,0.130304
0,1.52,0.127202
0,1.525,0.124138
0,1.53,0.121112
0,1.535,0.118124
0,1.54,0.115175
0,1.545,0.112264
0,1.55,0.109393
0,1.555,0.106562
0,1.56,0.10377
0,1.565,0.101019
0,1.57,0.0983086
0,1.575,0.095639
0,1.58,0.0930105
0,1.585,0.0904235
0,1.59,0.087878
0,1.595,0.0853743
0,1.6,0.0829126
0,1.605,0.080493
0,1.61,0.0781157
0,1.615,0.0757807
0,1.62,0.0734882
0,1.625,0.0712383
0,1.63,0.0690309
0,1.635,0.0668661
0,1.64,0.0647439
0,1.645,0.0626644
0,1.65,0.0606273
0,1.655,0.0586328
0,1.66,0.0566806
0,1.665,0.0547708
0,1.67,0.0529031
0,1.675,0.0510774
0,1.68,0.0492935
0,1.685,0.0475512
0,1.69,0.0458504
0,1.695,0.0441907
0,1.7,0.0425719
0,1.705,0.0409937
0,1.71,0.0394559
0,1.715,0.037958
0,1.72,0.0364997
0,1.725,0.0350807
0,1.73,0.0337006
0,1.735,0.032359
0,1.74,0.0310554
0,1.745,0.0297894
0,1.75,0.0285606
0,1.755,0.0273685
0,1.76,0.0262125
0,1.765,0.0250922
0,1.77,0.0240071
0,1.775,0.0229566
0,1.78,0.0219402
0,1.785,0.0209573
0,1.79,0.0200073
0,1.795,0.0190897
0,1.8,0.0182039
0,1.805,0.0173492
0,1.81,0.016525
0,1.815,0.0157308
0,1.82,0.0149658
0,1.825,0.0142296
0,1.83,0.0135213
0,1.835,0.0128404
0,1.84,0.0121863
0,1.845,0.0115582
0,1.85,0.0109555
0,1.855,0.0103776
0,1.86,0.00982382
0,1.865,0.00929349
0,1.87,0.00878595
0,1.875,0.00830055
0,1.88,0.00783666
0,1.885,0.00739361
0,1.89,0.00697077
0,1.895,0.0065675
0,1.9,0.00618316
0,1.905,0.00581713
0,1.91,0.00546879
0,1.915,0.00513753
0,1.92,0.00482274
0,1.925,0.00452382
0,1.93,0.00424019
0,1.935,0.00397127
0,1.94,0.00371648
0,1.945,0.00347528
0,1.95,0.00324712
0,1.955,0.00303145
0,1.96,0.00282776
0,1.965,0.00263553
0,1.97,0.00245426
0,1.975,0.00228347
0,1.98,0.00212266
0,1.985,0.00197139
0,1.99,0.0018292
0,1.995,0.00169565
0,2,0.00157031
0,2.005,0.00145278
0,2.01,0.00134265
0,2.015,0.00123953
0,2.02,0.00114305
0,2.025,0.00105286
0,2.03,0.000968587
0,2.035,0.000889909
0,2.04,0.000816496
0,2.045,0.000748036
0,2.05,0.000684226
0,2.055,0.000624775
0,2.06,0.000569403
0,2.065,0.000517841
0,2.07,0.00046983
0,2.075,0.000425119
0,2.08,0.000383468
0,2.085,0.000344645
0,2.09,0.000308425
0,2.095,0.000274592
0,2.1,0.000242935
0,2.105,0.000213251
0,2.11,0.00018534
0,2.115,0.000159007
0,2.12,0.000134061
0,2.125,0.000110312
0,2.13,8.75715e-05
0,2.135,6.56513e-05
0,2.14,4.43604e-05
0,2.145,2.35049e-05
0,2.15,2.88548e-06
0,2.155,-1.77042e-05
0,2.16,-3.84803e-05
0,2.165,-5.9671e-05
0,2.17,-8.15199e-05
0,2.175,-0.000104289
0,2.18,-0.000128263
0,2.185,-0.000153752
0,2.19,-0.000181102
0,2.195,-0.000210693
0,2.2,-0.000242953
0,2.205,-0.00027836
0,2.21,-0.000317457
0,2.215,-0.000360859
0,2.22,-0.000409266
0,2.225,-0.00046348
0,2.23,-0.000524421
0,2.235,-0.000593146
0,2.24,-0.000670876
0,2.245,-0.000759022
0,2.25,-0.000859219
0,2.255,-0.000973366
0,2.26,-0.00110367
0,2.265,-0.00125271
0,2.27,-0.0014235
0,2.275,-0.00161954
0,2.28,-0.00184496
0,2.285,-0.00210459
0,2.29,-0.00240411
0,2.295,-0.00275023
0,2.3,-0.0031508
0,2.305,-0.00361516
0,2.31,-0.00415432
0,2.315,-0.00478131
0,2.32,-0.0055116
0,2.325,-0.00636359
0,2.33,-0.00735916
0,2.335,-0.00852438
0,2.34,-0.00989039
0,2.345,-0.0114944
0,2.35,-0.013381
0,2.355,-0.0156038
0,2.36,-0.0182268
0,2.365,-0.0213277
0,2.37,-0.0249995
0,2.375,-0.0293549
0,2.38,-0.0345302
0,2.385,-0.0406905
0,2.39,-0.0480362
0,2.395,-0.056811
0,2.4,-0.0673117
0,2.405,-0.0799007
0,2.41,-0.0950206
0,2.415,-0.113214
0,2.42,-0.135146
0,2.425,-0.161634
0,2.43,-0.193686
0,2.435,-0.232543
0,2.44,-0.279742
0,2.445,-0.337184
0,2.45,-0.407228
0,2.455,-0.492808
0,2.46,-0.597575
0,2.465,-0.726089
0,2.47,-0.884051
0,2.475,-1.0786
0,2.48,-1.31871
0,2.485,-1.61565
0,2.49,-1.98365
0,2.495,-2.44066
0,2.5,-3.00942
0,2.505,-3.71876
0,2.51,-4.60533
0,2.515,-5.71582
0,2.52,-7.10982
0,2.525,-8.86357
0,2.53,-11.0748
1,0,-0.005
1,0.005,0
1,0.01,0.005
1,0.015,0.00999951
1,0.02,0.0149981
1,0.025,0.0199951
1,0.03,0.0249903
1,0.035,0.0299829
1,0.04,0.0349727
1,0.045,0.0399591
1,0.05,0.0449415
1,0.055,0.0499196
1,0.06,0.0548929
1,0.065,0.0598607
1,0.07,0.0648228
1,0.075,0.0697785
1,0.08,0.0747274
1,0.085,0.079669
1,0.09,0.0846029
1,0.095,0.0895285
1,0.1,0.0944454
1,0.105,0.0993531
1,0.11,0.104251
1,0.115,0.109139
1,0.12,0.114016
1,0.125,0.118882
1,0.13,0.123737
1,0.135,0.128579
1,0.14,0.133409
1,0.145,0.138226
1,0.15,0.14303
1,0.155,0.147819
1,0.16,0.152594
1,0.165,0.157354
1,0.17,0.162099
1,0.175,0.166828
1,0.18,0.171541
1,0.185,0.176237
1,0.19,0.180916
1,0.195,0.185578
1,0.2,0.190221
1,0.205,0.194846
1,0.21,0.199451
1,0.215,0.204038
1,0.22,0.208604
1,0.225,0.21315
1,0.23,0.217675
1,0.235,0.222179
1,0.24,0.226662
1,0.245,0.231122
1,0.25,0.23556
1,0.255,0.239975
1,0.26,0.244366
1,0.265,0.248734
1,0.27,0.253077
1,0.275,0.257396
1,0.28,0.261689
1,0.285,0.265958
1,0.29,0.2702
1,0.295,0.274416
1,0.3,0.278605
1,0.305,0.282767
1,0.31,0.286901
1,0.315,0.291008
1,0.32,0.295086
1,0.325,0.299135
1,0.33,0.303155
1,0.335,0.307146
1,0.34,0.311106
1,0.345,0.315037
1,0.35,0.318937
1,0.355,0.322805
1,0.36,0.326642
1,0.365,0.330448
1,0.37,0.334221
1,0.375,0.337961
1,0.38,0.341669
1,0.385,0.345343
1,0.39,0.348984
1,0.395,0.35259
1,0.4,0.356162
1,0.405,0.3597
1,0.41,0.363202
1,0.415,0.36667
1,0.42,0.370101
1,0.425,0.373496
1,0.43,0.376855
1,0.435,0.380177
1,0.44,0.383462
1,0.445,0.38671
1,0.45,0.38992
1,0.455,0.393092
1,0.46,0.396226
1,0.465,0.399321
1,0.47,0.402377
1,0.475,0.405394
1,0.48,0.408371
1,0.485,0.411309
1,0.49,0.414207
1,0.495,0.417064
1,0.5,0.41988
1,0.505,0.422656
1,0.51,0.425391
1,0.515,0.428084
1,0.52,0.430735
1,0.525,0.433344
1,0.53,0.435911
1,0.535,0.438436
1,0.54,0.440918
1,0.545,0.443357
1,0.55,0.445752
1,0.555,0.448105
1,0.56,0.450413
1,0.565,0.452678
1,0.57,0.454898
1,0.575,0.457075
1,0.58,0.459206
1,0.585,0.461293
1,0.59,0.463335
1,0.595,0.465332
1,0.6,0.467284
1,0.605,0.46919
1,0.61,0.47105
1,0.615,0.472864
1,0.62,0.474633
1,0.625,0.476355
1,0.63,0.478031
1,0.635,0.47966
1,0.64,0.481242
1,0.645,0.482778
1,0.65,0.484266
1,0.655,0.485707
1,0.66,0.487101
1,0.665,0.488448
1,0.67,0.489747
1,0.675,0.490998
1,0.68,0.492202
1,0.685,0.493357
1,0.69,0.494465
1,0.695,0.495524
1,0.7,0.496536
1,0.705,0.497499
1,0.71,0.498413
1,0.715,0.499279
1,0.72,0.500096
1,0.725,0.500865
1,0.73,0.501585
1,0.735,0.502256
1,0.74,0.502879
1,0.745,0.503452
1,0.75,0.503977
1,0.755,0.504452
1,0.76,0.504879
1,0.765,0.505256
1,0.77,0.505585
1,0.775,0.505864
1,0.78,0.506094
1,0.785,0.506275
1,0.79,0.506407
1,0.795,0.50649
1,0.8,0.506523
1,0.805,0.506508
1,0.81,0.506443
1,0.815,0.50633
1,0.82,0.506167
1,0.825,0.505956
1,0.83,0.505695
1,0.835,0.505385
1,0.84,0.505027
1,0.845,0.50462
1,0.85,0.504164
1,0.855,0.503659
1,0.86,0.503106
1,0.865,0.502504
1,0.87,0.501854
1,0.875,0.501156
1,0.88,0.500409
1,0.885,0.499614
1,0.89,0.498772
1,0.895,0.497881
1,0.9,0.496943
1,0.905,0.495957
1,0.91,0.494923
1,0.915,0.493842
1,0.92,0.492714
1,0.925,0.491539
1,0.93,0.490317
1,0.935,0.489049
1,0.94,0.487734
1,0.945,0.486373
1,0.95,0.484965
1,0.955,0.483512
1,0.96,0.482013
1,0.965,0.480469
1,0.97,0.478879
1,0.975,0.477245
1,0.98,0.475565
1,0.985,0.473841
1,0.99,0.472073
1,0.995,0.470261
1,1,0.468406
1,1.005,0.466506
1,1.01,0.464564
1,1.015,0.462579
1,1.02,0.460551
1,1.025,0.458481
1,1.03,0.456369
1,1.035,0.454216
1,1.04,0.452021
1,1.045,0.449786
1,1.05,0.44751
1,1.055,0.445194
1,1.06,0.442838
1,1.065,0.440443
1,1.07,0.438009
1,1.075,0.435536
1,1.08,0.433025
1,1.085,0.430476
1,1.09,0.42789
1,1.095,0.425267
1,1.1,0.422608
1,1.105,0.419913
1,1.11,0.417182
1,1.115,0.414416
1,1.12,0.411616
1,1.125,0.408782
1,1.13,0.405914
1,1.135,0.403014
1,1.14,0.40008
1,1.145,0.397115
1,1.15,0.394119
1,1.155,0.391092
1,1.16,0.388035
1,1.165,0.384948
1,1.17,0.381832
1,1.175,0.378687
1,1.18,0.375515
1,1.185,0.372316
1,1.19,0.36909
1,1.195,0.365838
1,1.2,0.362561
1,1.205,0.359259
1,1.21,0.355934
1,1.215,0.352585
1,1.22,0.349214
1,1.225,0.345821
1,1.23,0.342407
1,1.235,0.338972
1,1.24,0.335518
1,1.245,0.332045
1,1.25,0.328554
1,1.255,0.325046
1,1.26,0.321521
1,1.265,0.31798
1,1.27,0.314425
1,1.275,0.310855
1,1.28,0.307272
1,1.285,0.303676
1,1.29,0.300069
1,1.295,0.296451
1,1.3,0.292823
1,1.305,0.289186
1,1.31,0.285541
1,1.315,0.281888
1,1.32,0.278228
1,1.325,0.274564
1,1.33,0.270894
1,1.335,0.267221
1,1.34,0.263544
1,1.345,0.259866
1,1.35,0.256187
1,1.355,0.252507
1,1.36,0.248828
1,1.365,0.245151
1,1.37,0.241477
1,1.375,0.237806
1,1.38,0.23414
1,1.385,0.230479
1,1.39,0.226824
1,1.395,0.223177
1,1.4,0.219539
1,1.405,0.215909
1,1.41,0.21229
1,1.415,0.208681
1,1.42,0.205085
1,1.425,0.201502
1,1.43,0.197933
1,1.435,0.194378
1,1.44,0.19084
1,1.445,0.187318
1,1.45,0.183814
1,1.455,0.180328
1,1.46,0.176862
1,1.465,0.173417
1,1.47,0.169992
1,1.475,0.16659
1,1.48,0.16321
1,1.485,0.159855
1,1.49,0.156524
1,1.495,0.153219
1,1.5,0.14994
1,1.505,0.146688
1,1.51,0.143465
1,1.515,0.14027
1,1.52,0.137105
1,1.525,0.13397
1,1.53,0.130866
1,1.535,0.127794
1,1.54,0.124754
1,1.545,0.121747
1,1.55,0.118774
1,1.555,0.115836
1,1.56,0.112933
1,1.565,0.110065
1,1.57,0.107234
1,1.575,0.104439
1,1.58,0.101682
1,1.585,0.0989629
1,1.59,0.0962818
1,1.595,0.0936396
1,1.6,0.0910366
1,1.605,0.0884732
1,1.61,0.0859498
1,1.615,0.0834668
1,1.62,0.0810246
1,1.625,0.0786233
1,1.63,0.0762633
1,1.635,0.0739448
1,1.64,0.071668
1,1.645,0.0694332
1,1.65,0.0672405
1,1.655,0.06509
1,1.66,0.0629819
1,1.665,0.0609162
1,1.67,0.0588929
1,1.675,0.0569121
1,1.68,0.0549737
1,1.685,0.0530778
1,1.69,0.0512242
1,1.695,0.0494129
1,1.7,0.0476438
1,1.705,0.0459166
1,1.71,0.0442312
1,1.715,0.0425875
1,1.72,0.0409851
1,1.725,0.0394238
1,1.73,0.0379033
1,1.735,0.0364234
1,1.74,0.0349837
1,1.745,0.0335837
1,1.75,0.0322233
1,1.755,0.0309018
1,1.76,0.029619
1,1.765,0.0283743
1,1.77,0.0271673
1,1.775,0.0259976
1,1.78,0.0248645
1,1.785,0.0237676
1,1.79,0.0227063
1,1.795,0.0216801
1,1.8,0.0206884
1,1.805,0.0197306
1,1.81,0.0188061
1,1.815,0.0179143
1,1.82,0.0170545
1,1.825,0.0162262
1,1.83,0.0154286
1,1.835,0.0146611
1,1.84,0.0139231
1,1.845,0.0132139
1,1.85,0.0125328
1,1.855,0.011879
1,1.86,0.0112521
1,1.865,0.0106511
1,1.87,0.0100755
1,1.875,0.00952463
1,1.88,0.00899769
1,1.885,0.00849403
1,1.89,0.00801297
1,1.895,0.00755382
1,1.9,0.0071159
1,1.905,0.00669854
1,1.91,0.00630105
1,1.915,0.00592278
1,1.92,0.00556307
1,1.925,0.00522127
1,1.93,0.00489673
1,1.935,0.00458882
1,1.94,0.00429692
1,1.945,0.00402041
1,1.95,0.00375868
1,1.955,0.00351115
1,1.96,0.00327724
1,1.965,0.00305636
1,1.97,0.00284798
1,1.975,0.00265154
1,1.98,0.00246652
1,1.985,0.00229239
1,1.99,0.00212865
1,1.995,0.00197481
1,2,0.0018304
1,2.005,0.00169495
1,2.01,0.00156801
1,2.015,0.00144915
1,2.02,0.00133795
1,2.025,0.00123399
1,2.03,0.0011369
1,2.035,0.00104629
1,2.04,0.000961793
1,2.045,0.000883059
1,2.05,0.000809751
1,2.055,0.000741542
1,2.06,0.000678122
1,2.065,0.00061919
1,2.07,0.000564457
1,2.075,0.000513649
1,2.08,0.000466501
1,2.085,0.000422759
1,2.09,0.000382179
1,2.095,0.000344529
1,2.1,0.000309585
1,2.105,0.000277132
1,2.11,0.000246963
1,2.115,0.000218879
1,2.12,0.000192688
1,2.125,0.000168204
1,2.13,0.000145246
1,2.135,0.000123637
1,2.14,0.000103205
1,2.145,8.37777e-05
1,2.15,6.51861e-05
1,2.155,4.72602e-05
1,2.16,2.98285e-05
1,2.165,1.2716e-05
1,2.17,-4.25724e-06
1,2.175,-2.12782e-05
1,2.18,-3.85434e-05
1,2.185,-5.62614e-05
1,2.19,-7.46558e-05
1,2.195,-9.39689e-05
1,2.2,-0.000114465
1,2.205,-0.000136436
1,2.21,-0.000160206
1,2.215,-0.000186136
1,2.22,-0.000214635
1,2.225,-0.000246163
1,2.23,-0.000281246
1,2.235,-0.000320484
1,2.24,-0.000364563
1,2.245,-0.000414277
1,2.25,-0.000470537
1,2.255,-0.000534403
1,2.26,-0.000607102
1,2.265,-0.000690063
1,2.27,-0.000784949
1,2.275,-0.000893707
1,2.28,-0.00101861
1,2.285,-0.00116233
1,2.29,-0.001328
1,2.295,-0.0015193
1,2.3,-0.00174059
1,2.305,-0.00199698
1,2.31,-0.00229454
1,2.315,-0.00264044
1,2.32,-0.00304321
1,2.325,-0.00351295
1,2.33,-0.00406169
1,2.335,-0.00470378
1,2.34,-0.00545631
1,2.345,-0.00633976
1,2.35,-0.00737861
1,2.355,-0.00860226
1,2.36,-0.010046
1,2.365,-0.0117523
1,2.37,-0.0137724
1,2.375,-0.0161682
1,2.38,-0.0190143
1,2.385,-0.0224014
1,2.39,-0.0264395
1,2.395,-0.0312622
1,2.4,-0.0370325
1,2.405,-0.0439489
1,2.41,-0.0522543
1,2.415,-0.0622459
1,2.42,-0.0742886
1,2.425,-0.0888305
1,2.43,-0.106424
1,2.435,-0.127748
1,2.44,-0.153646
1,2.445,-0.185159
1,2.45,-0.223578
1,2.455,-0.27051
1,2.46,-0.327956
1,2.465,-0.39841
1,2.47,-0.484993
1,2.475,-0.591614
1,2.48,-0.723179
1,2.485,-0.885861
1,2.49,-1.08744
1,2.495,-1.33773
1,2.5,-1.64918
1,2.505,-2.03754
1,2.51,-2.52287
1,2.515,-3.13067
1,2.52,-3.89354
1,2.525,-4.85312
1,2.53,-6.06285
1,2.535,-7.59133
1,2.54,-9.52691
1,2.545,-11.9836
2,0,1
2,0.005,1
2,0.01,0.999787
2,0.015,0.999362
2,0.02,0.998725
2,0.025,0.997875
2,0.03,0.996812
2,0.035,0.995538
2,0.04,0.994052
2,0.045,0.992355
2,0.05,0.990447
2,0.055,0.988328
2,0.06,0.986
2,0.065,0.983461
2,0.07,0.980713
2,0.075,0.977757
2,0.08,0.974593
2,0.085,0.971222
2,0.09,0.967644
2,0.095,0.963861
2,0.1,0.959873
2,0.105,0.95568
2,0.11,0.951284
2,0.115,0.946686
2,0.12,0.941887
2,0.125,0.936888
2,0.13,0.931689
2,0.135,0.926292
2,0.14,0.920699
2,0.145,0.914909
2,0.15,0.908925
2,0.155,0.902748
2,0.16,0.896379
2,0.165,0.889819
2,0.17,0.88307
2,0.175,0.876133
2,0.18,0.86901
2,0.185,0.861703
2,0.19,0.854212
2,0.195,0.846539
2,0.2,0.838686
2,0.205,0.830655
2,0.21,0.822448
2,0.215,0.814066
2,0.22,0.80551
2,0.225,0.796783
2,0.23,0.787887
2,0.235,0.778824
2,0.24,0.769594
2,0.245,0.760201
2,0.25,0.750647
2,0.255,0.740933
2,0.26,0.731061
2,0.265,0.721034
2,0.27,0.710854
2,0.275,0.700522
2,0.28,0.690042
2,0.285,0.679414
2,0.29,0.668643
2,0.295,0.657729
2,0.3,0.646675
2,0.305,0.635484
2,0.31,0.624158
2,0.315,0.612699
2,0.32,0.60111
2,0.325,0.589393
2,0.33,0.57755
2,0.335,0.565585
2,0.34,0.5535
2,0.345,0.541297
2,0.35,0.528978
2,0.355,0.516548
2,0.36,0.504007
2,0.365,0.49136
2,0.37,0.478608
2,0.375,0.465754
2,0.38,0.452801
2,0.385,0.439752
2,0.39,0.426609
2,0.395,0.413376
2,0.4,0.400054
2,0.405,0.386648
2,0.41,0.373159
2,0.415,0.359592
2,0.42,0.345947
2,0.425,0.332229
2,0.43,0.318441
2,0.435,0.304585
2,0.44,0.290664
2,0.445,0.276681
2,0.45,0.262639
2,0.455,0.248542
2,0.46,0.234391
2,0.465,0.220191
2,0.47,0.205944
2,0.475,0.191654
2,0.48,0.177322
2,0.485,0.162953
2,0.49,0.148549
2,0.495,0.134114
2,0.5,0.11965
2,0.505,0.10516
2,0.51,0.0906487
2,0.515,0.0761177
2,0.52,0.0615705
2,0.525,0.0470102
2,0.53,0.0324399
2,0.535,0.0178628
2,0.54,0.00328179
2,0.545,-0.0112999
2,0.55,-0.0258791
2,0.555,-0.0404529
2,0.56,-0.055018
2,0.565,-0.0695715
2,0.57,-0.0841102
2,0.575,-0.098631
2,0.58,-0.113131
2,0.585,-0.127607
2,0.59,-0.142055
2,0.595,-0.156474
2,0.6,-0.170859
2,0.605,-0.185208
2,0.61,-0.199517
2,0.615,-0.213784
2,0.62,-0.228006
2,0.625,-0.242179
2,0.63,-0.256301
2,0.635,-0.270368
2,0.64,-0.284378
2,0.645,-0.298327
2,0.65,-0.312213
2,0.655,-0.326032
2,0.66,-0.339782
2,0.665,-0.35346
2,0.67,-0.367063
2,0.675,-0.380588
2,0.68,-0.394032
2,0.685,-0.407392
2,0.69,-0.420666
2,0.695,-0.43385
2,0.7,-0.446942
2,0.705,-0.459939
2,0.71,-0.472839
2,0.715,-0.485637
2,0.72,-0.498333
2,0.725,-0.510923
2,0.73,-0.523404
2,0.735,-0.535774
2,0.74,-0.548031
2,0.745,-0.560171
2,0.75,-0.572192
2,0.755,-0.584091
2,0.76,-0.595867
2,0.765,-0.607516
2,0.77,-0.619036
2,0.775,-0.630424
2,0.78,-0.641679
2,0.785,-0.652797
2,0.79,-0.663777
2,0.795,-0.674617
2,0.8,-0.685313
2,0.805,-0.695863
2,0.81,-0.706267
2,0.815,-0.71652
2,0.82,-0.726621
2,0.825,-0.736569
2,0.83,-0.74636
2,0.835,-0.755993
2,0.84,-0.765467
2,0.845,-0.774777
2,0.85,-0.783924
2,0.855,-0.792905
2,0.86,-0.801718
2,0.865,-0.810362
2,0.87,-0.818834
2,0.875,-0.827133
2,0.88,-0.835257
2,0.885,-0.843205
2,0.89,-0.850974
2,0.895,-0.858564
2,0.9,-0.865973
2,0.905,-0.873199
2,0.91,-0.880241
2,0.915,-0.887097
2,0.92,-0.893766
2,0.925,-0.900248
2,0.93,-0.906539
2,0.935,-0.91264
2,0.94,-0.91855
2,0.945,-0.924266
2,0.95,-0.929788
2,0.955,-0.935116
2,0.96,-0.940247
2,0.965,-0.945181
2,0.97,-0.949917
2,0.975,-0.954455
2,0.98,-0.958794
2,0.985,-0.962932
2,0.99,-0.966869
2,0.995,-0.970605
2,1,-0.974139
2,1.005,-0.977471
2,1.01,-0.9806
2,1.015,-0.983525
2,1.02,-0.986247
2,1.025,-0.988764
2,1.03,-0.991078
2,1.035,-0.993187
2,1.04,-0.995091
2,1.045,-0.996791
2,1.05,-0.998287
2,1.055,-0.999578
2,1.06,-1.00066
2,1.065,-1.00155
2,1.07,-1.00222
2,1.075,-1.0027
2,1.08,-1.00297
2,1.085,-1.00304
2,1.09,-1.00291
2,1.095,-1.00257
2,1.1,-1.00203
2,1.105,-1.00129
2,1.11,-1.00036
2,1.115,-0.99922
2,1.12,-0.997885
2,1.125,-0.996352
2,1.13,-0.994624
2,1.135,-0.992699
2,1.14,-0.990581
2,1.145,-0.98827
2,1.15,-0.985766
2,1.155,-0.983073
2,1.16,-0.98019
2,1.165,-0.977119
2,1.17,-0.973863
2,1.175,-0.970421
2,1.18,-0.966797
2,1.185,-0.962991
2,1.19,-0.959006
2,1.195,-0.954843
2,1.2,-0.950504
2,1.205,-0.945991
2,1.21,-0.941307
2,1.215,-0.936453
2,1.22,-0.931431
2,1.225,-0.926244
2,1.23,-0.920893
2,1.235,-0.915382
2,1.24,-0.909713
2,1.245,-0.903887
2,1.25,-0.897908
2,1.255,-0.891779
2,1.26,-0.885502
2,1.265,-0.879079
2,1.27,-0.872513
2,1.275,-0.865808
2,1.28,-0.858966
2,1.285,-0.85199
2,1.29,-0.844883
2,1.295,-0.837649
2,1.3,-0.83029
2,1.305,-0.822809
2,1.31,-0.81521
2,1.315,-0.807496
2,1.32,-0.799671
2,1.325,-0.791737
2,1.33,-0.783699
2,1.335,-0.775559
2,1.34,-0.767322
2,1.345,-0.75899
2,1.35,-0.750568
2,1.355,-0.742059
2,1.36,-0.733467
2,1.365,-0.724796
2,1.37,-0.716048
2,1.375,-0.707229
2,1.38,-0.698342
2,1.385,-0.689391
2,1.39,-0.680379
2,1.395,-0.671312
2,1.4,-0.662192
2,1.405,-0.653023
2,1.41,-0.64381
2,1.415,-0.634557
2,1.42,-0.625267
2,1.425,-0.615945
2,1.43,-0.606595
2,1.435,-0.59722
2,1.44,-0.587826
2,1.445,-0.578415
2,1.45,-0.568992
2,1.455,-0.559561
2,1.46,-0.550125
2,1.465,-0.54069
2,1.47,-0.531259
2,1.475,-0.521836
2,1.48,-0.512425
2,1.485,-0.50303
2,1.49,-0.493655
2,1.495,-0.484303
2,1.5,-0.474979
2,1.505,-0.465687
2,1.51,-0.456429
2,1.515,-0.447211
2,1.52,-0.438036
2,1.525,-0.428907
2,1.53,-0.419828
2,1.535,-0.410802
2,1.54,-0.401833
2,1.545,-0.392925
2,1.55,-0.384081
2,1.555,-0.375304
2,1.56,-0.366598
2,1.565,-0.357964
2,1.57,-0.349408
2,1.575,-0.340931
2,1.58,-0.332537
2,1.585,-0.324229
2,1.59,-0.316008
2,1.595,-0.307879
2,1.6,-0.299843
2,1.605,-0.291903
2,1.61,-0.284061
2,1.615,-0.276321
2,1.62,-0.268683
2,1.625,-0.26115
2,1.63,-0.253724
2,1.635,-0.246407
2,1.64,-0.239201
2,1.645,-0.232107
2,1.65,-0.225128
2,1.655,-0.218263
2,1.66,-0.211516
2,1.665,-0.204886
2,1.67,-0.198376
2,1.675,-0.191986
2,1.68,-0.185717
2,1.685,-0.179571
2,1.69,-0.173546
2,1.695,-0.167645
2,1.7,-0.161868
2,1.705,-0.156214
2,1.71,-0.150685
2,1.715,-0.14528
2,1.72,-0.14
2,1.725,-0.134844
2,1.73,-0.129812
2,1.735,-0.124904
2,1.74,-0.120119
2,1.745,-0.115457
2,1.75,-0.110918
2,1.755,-0.1065
2,1.76,-0.102203
2,1.765,-0.0980258
2,1.77,-0.0939676
2,1.775,-0.0900272
2,1.78,-0.0862036
2,1.785,-0.0824954
2,1.79,-0.0789014
2,1.795,-0.0754202
2,1.8,-0.0720503
2,1.805,-0.0687901
2,1.81,-0.0656381
2,1.815,-0.0625927
2,1.82,-0.059652
2,1.825,-0.0568144
2,1.83,-0.054078
2,1.835,-0.0514409
2,1.84,-0.0489012
2,1.845,-0.0464569
2,1.85,-0.0441061
2,1.855,-0.0418467
2,1.86,-0.0396767
2,1.865,-0.0375939
2,1.87,-0.0355963
2,1.875,-0.0336818
2,1.88,-0.0318481
2,1.885,-0.0300932
2,1.89,-0.0284149
2,1.895,-0.026811
2,1.9,-0.0252793
2,1.905,-0.0238178
2,1.91,-0.0224242
2,1.915,-0.0210964
2,1.92,-0.0198323
2,1.925,-0.0186298
2,1.93,-0.0174867
2,1.935,-0.016401
2,1.94,-0.0153706
2,1.945,-0.0143935
2,1.95,-0.0134676
2,1.955,-0.0125911
2,1.96,-0.011762
2,1.965,-0.0109783
2,1.97,-0.0102382
2,1.975,-0.00953984
2,1.98,-0.00888147
2,1.985,-0.00826131
2,1.99,-0.00767764
2,1.995,-0.0071288
2,2,-0.00661316
2,2.005,-0.00612914
2,2.01,-0.00567519
2,2.015,-0.00524983
2,2.02,-0.00485161
2,2.025,-0.00447913
2,2.03,-0.00413102
2,2.035,-0.00380598
2,2.04,-0.00350275
2,2.045,-0.00322011
2,2.05,-0.00295688
2,2.055,-0.00271193
2,2.06,-0.00248418
2,2.065,-0.00227258
2,2.07,-0.00207614
2,2.075,-0.0018939
2,2.08,-0.00172493
2,2.085,-0.00156835
2,2.09,-0.00142333
2,2.095,-0.00128905
2,2.1,-0.00116475
2,2.105,-0.00104969
2,2.11,-0.000943155
2,2.115,-0.000844477
2,2.12,-0.000753006
2,2.125,-0.000668118
2,2.13,-0.000589213
2,2.135,-0.000515715
2,2.14,-0.000447064
2,2.145,-0.000382716
2,2.15,-0.000322142
2,2.155,-0.00026482
2,2.16,-0.000210236
2,2.165,-0.000157879
2,2.17,-0.000107233
2,2.175,-5.77768e-05
2,2.18,-8.97749e-06
2,2.185,3.97173e-05
2,2.19,8.88851e-05
2,2.195,0.000139136
2,2.2,0.000191123
2,2.205,0.000245551
2,2.21,0.000303187
2,2.215,0.000364878
2,2.22,0.000431561
2,2.225,0.000504286
2,2.23,0.000584236
2,2.235,0.000672748
2,2.24,0.000771347
2,2.245,0.000881777
2,2.25,0.00100604
2,2.255,0.00114645
2,2.26,0.00130568
2,2.265,0.00148682
2,2.27,0.00169349
2,2.275,0.00192989
2,2.28,0.00220094
2,2.285,0.00251239
2,2.29,0.00287099
2,2.295,0.00328468
2,2.3,0.00376281
2,2.305,0.0043164
2,2.31,0.00495848
2,2.315,0.00570446
2,2.32,0.00657263
2,2.325,0.00758469
2,2.33,0.00876644
2,2.335,0.0101486
2,2.34,0.011768
2,2.345,0.0136683
2,2.35,0.0159021
2,2.355,0.0185324
2,2.36,0.0216347
2,2.365,0.0252999
2,2.37,0.0296378
2,2.375,0.0347805
2,2.38,0.0408882
2,2.385,0.0481545
2,2.39,0.0568145
2,2.395,0.0671542
2,2.4,0.0795214
2,2.405,0.0943407
2,2.41,0.112131
2,2.415,0.133526
2,2.42,0.159306
2,2.425,0.190427
2,2.43,0.228067
2,2.435,0.273678
2,2.44,0.329054
2,2.445,0.396417
2,2.45,0.478522
2,2.455,0.578791
2,2.46,0.701488
2,2.465,0.851929
2,2.47,1.03676
2,2.475,1.26431
2,2.48,1.54502
2,2.485,1.89203
2,2.49,2.32189
2,2.495,2.85551
2,2.5,3.51933
2,2.505,4.34689
2,2.51,5.38081
2,2.515,6.67533
2,2.52,8.29971
2,2.525,10.3425
3,0,-0.005
3,0.005,0
3,0.01,0.005
3,0.015,0.00999817
3,0.02,0.0149927
3,0.025,0.0199817
3,0.03,0.0249633
3,0.035,0.0299358
3,0.04,0.0348974
3,0.045,0.0398461
3,0.05,0.0447802
3,0.055,0.0496979
3,0.06,0.0545973
3,0.065,0.0594768
3,0.07,0.0643344
3,0.075,0.0691684
3,0.08,0.073977
3,0.085,0.0787585
3,0.09,0.0835111
3,0.095,0.088233
3,0.1,0.0929226
3,0.105,0.0975781
3,0.11,0.102198
3,0.115,0.10678
3,0.12,0.111323
3,0.125,0.115825
3,0.13,0.120285
3,0.135,0.124701
3,0.14,0.12907
3,0.145,0.133393
3,0.15,0.137667
3,0.155,0.14189
3,0.16,0.146061
3,0.165,0.150178
3,0.17,0.15424
3,0.175,0.158246
3,0.18,0.162194
3,0.185,0.166082
3,0.19,0.169909
3,0.195,0.173674
3,0.2,0.177376
3,0.205,0.181012
3,0.21,0.184581
3,0.215,0.188084
3,0.22,0.191517
3,0.225,0.194879
3,0.23,0.198171
3,0.235,0.201389
3,0.24,0.204534
3,0.245,0.207604
3,0.25,0.210597
3,0.255,0.213514
3,0.26,0.216352
3,0.265,0.21911
3,0.27,0.221788
3,0.275,0.224385
3,0.28,0.2269
3,0.285,0.229331
3,0.29,0.231678
3,0.295,0.23394
3,0.3,0.236117
3,0.305,0.238206
3,0.31,0.240209
3,0.315,0.242123
3,0.32,0.243948
3,0.325,0.245684
3,0.33,0.24733
3,0.335,0.248885
3,0.34,0.250349
3,0.345,0.251721
3,0.35,0.253001
3,0.355,0.254187
3,0.36,0.255281
3,0.365,0.256281
3,0.37,0.257187
3,0.375,0.257998
3,0.38,0.258715
3,0.385,0.259337
3,0.39,0.259864
3,0.395,0.260295
3,0.4,0.260631
3,0.405,0.260872
3,0.41,0.261016
3,0.415,0.261065
3,0.42,0.261018
3,0.425,0.260876
3,0.43,0.260638
3,0.435,0.260304
3,0.44,0.259874
3,0.445,0.25935
3,0.45,0.25873
3,0.455,0.258015
3,0.46,0.257206
3,0.465,0.256302
3,0.47,0.255304
3,0.475,0.254213
3,0.48,0.253028
3,0.485,0.25175
3,0.49,0.25038
3,0.495,0.248919
3,0.5,0.247366
3,0.505,0.245722
3,0.51,0.243988
3,0.515,0.242165
3,0.52,0.240252
3,0.525,0.238252
3,0.53,0.236164
3,0.535,0.23399
3,0.54,0.231729
3,0.545,0.229384
3,0.55,0.226955
3,0.555,0.224442
3,0.56,0.221847
3,0.565,0.219171
3,0.57,0.216414
3,0.575,0.213578
3,0.58,0.210663
3,0.585,0.207671
3,0.59,0.204603
3,0.595,0.20146
3,0.6,0.198243
3,0.605,0.194954
3,0.61,0.191593
3,0.615,0.188161
3,0.62,0.184661
3,0.625,0.181093
3,0.63,0.177458
3,0.635,0.173758
3,0.64,0.169995
3,0.645,0.166169
3,0.65,0.162282
3,0.655,0.158336
3,0.66,0.154332
3,0.665,0.150271
3,0.67,0.146155
3,0.675,0.141985
3,0.68,0.137763
3,0.685,0.133491
3,0.69,0.12917
3,0.695,0.124801
3,0.7,0.120387
3,0.705,0.115928
3,0.71,0.111427
3,0.715,0.106885
3,0.72,0.102304
3,0.725,0.0976858
3,0.73,0.0930314
3,0.735,0.0883429
3,0.74,0.0836221
3,0.745,0.0788705
3,0.75,0.0740901
3,0.755,0.0692824
3,0.76,0.0644494
3,0.765,0.0595928
3,0.77,0.0547143
3,0.775,0.0498158
3,0.78,0.044899
3,0.785,0.0399657
3,0.79,0.0350178
3,0.795,0.0300571
3,0.8,0.0250854
3,0.805,0.0201045
3,0.81,0.0151162
3,0.815,0.0101224
3,0.82,0.00512484
3,0.825,0.000125438
3,0.83,-0.00487401
3,0.835,-0.00987168
3,0.84,-0.0148657
3,0.845,-0.0198543
3,0.85,-0.0248357
3,0.855,-0.0298079
3,0.86,-0.0347693
3,0.865,-0.0397179
3,0.87,-0.044652
3,0.875,-0.0495698
3,0.88,-0.0544695
3,0.885,-0.0593492
3,0.89,-0.0642073
3,0.895,-0.0690419
3,0.9,-0.0738513
3,0.905,-0.0786337
3,0.91,-0.0833874
3,0.915,-0.0881106
3,0.92,-0.0928017
3,0.925,-0.097459
3,0.93,-0.102081
3,0.935,-0.106665
3,0.94,-0.111211
3,0.945,-0.115716
3,0.95,-0.120179
3,0.955,-0.124598
3,0.96,-0.128972
3,0.965,-0.133299
3,0.97,-0.137578
3,0.975,-0.141806
3,0.98,-0.145983
3,0.985,-0.150107
3,0.99,-0.154177
3,0.995,-0.158191
3,1,-0.162147
3,1.005,-0.166045
3,1.01,-0.169882
3,1.015,-0.173658
3,1.02,-0.177372
3,1.025,-0.181021
3,1.03,-0.184605
3,1.035,-0.188123
3,1.04,-0.191573
3,1.045,-0.194954
3,1.05,-0.198264
3,1.055,-0.201504
3,1.06,-0.204671
3,1.065,-0.207765
3,1.07,-0.210785
3,1.075,-0.213729
3,1.08,-0.216597
3,1.085,-0.219388
3,1.09,-0.222101
3,1.095,-0.224734
3,1.1,-0.227288
3,1.105,-0.229762
3,1.11,-0.232154
3,1.115,-0.234464
3,1.12,-0.236691
3,1.125,-0.238835
3,1.13,-0.240895
3,1.135,-0.242871
3,1.14,-0.244762
3,1.145,-0.246567
3,1.15,-0.248286
3,1.155,-0.249919
3,1.16,-0.251466
3,1.165,-0.252925
3,1.17,-0.254297
3,1.175,-0.255582
3,1.18,-0.25678
3,1.185,-0.257889
3,1.19,-0.258911
3,1.195,-0.259844
3,1.2,-0.26069
3,1.205,-0.261448
3,1.21,-0.262118
3,1.215,-0.262701
3,1.22,-0.263196
3,1.225,-0.263603
3,1.23,-0.263924
3,1.235,-0.264157
3,1.24,-0.264305
3,1.245,-0.264366
3,1.25,-0.264341
3,1.255,-0.264232
3,1.26,-0.264038
3,1.265,-0.263759
3,1.27,-0.263398
3,1.275,-0.262953
3,1.28,-0.262427
3,1.285,-0.261819
3,1.29,-0.26113
3,1.295,-0.260362
3,1.3,-0.259514
3,1.305,-0.258589
3,1.31,-0.257587
3,1.315,-0.256509
3,1.32,-0.255355
3,1.325,-0.254128
3,1.33,-0.252828
3,1.335,-0.251456
3,1.34,-0.250014
3,1.345,-0.248502
3,1.35,-0.246923
3,1.355,-0.245277
3,1.36,-0.243565
3,1.365,-0.24179
3,1.37,-0.239952
3,1.375,-0.238053
3,1.38,-0.236095
3,1.385,-0.234078
3,1.39,-0.232005
3,1.395,-0.229877
3,1.4,-0.227695
3,1.405,-0.225462
3,1.41,-0.223178
3,1.415,-0.220846
3,1.42,-0.218468
3,1.425,-0.216044
3,1.43,-0.213577
3,1.435,-0.211069
3,1.44,-0.208521
3,1.445,-0.205935
3,1.45,-0.203313
3,1.455,-0.200657
3,1.46,-0.197968
3,1.465,-0.195249
3,1.47,-0.192501
3,1.475,-0.189727
3,1.48,-0.186927
3,1.485,-0.184105
3,1.49,-0.181261
3,1.495,-0.178398
3,1.5,-0.175518
3,1.505,-0.172623
3,1.51,-0.169714
3,1.515,-0.166793
3,1.52,-0.163862
3,1.525,-0.160923
3,1.53,-0.157979
3,1.535,-0.15503
3,1.54,-0.152079
3,1.545,-0.149127
3,1.55,-0.146176
3,1.555,-0.143229
3,1.56,-0.140286
3,1.565,-0.13735
3,1.57,-0.134422
3,1.575,-0.131504
3,1.58,-0.128597
3,1.585,-0.125704
3,1.59,-0.122826
3,1.595,-0.119964
3,1.6,-0.117119
3,1.605,-0.114295
3,1.61,-0.111491
3,1.615,-0.108709
3,1.62,-0.105952
3,1.625,-0.103219
3,1.63,-0.100513
3,1.635,-0.0978343
3,1.64,-0.0951845
3,1.645,-0.0925649
3,1.65,-0.0899764
3,1.655,-0.0874202
3,1.66,-0.0848972
3,1.665,-0.0824086
3,1.67,-0.0799552
3,1.675,-0.077538
3,1.68,-0.0751577
3,1.685,-0.0728152
3,1.69,-0.0705111
3,1.695,-0.0682463
3,1.7,-0.0660212
3,1.705,-0.0638366
3,1.71,-0.0616928
3,1.715,-0.0595905
3,1.72,-0.0575301
3,1.725,-0.0555118
3,1.73,-0.0535361
3,1.735,-0.0516031
3,1.74,-0.0497133
3,1.745,-0.0478666
3,1.75,-0.0460632
3,1.755,-0.0443032
3,1.76,-0.0425867
3,1.765,-0.0409135
3,1.77,-0.0392837
3,1.775,-0.0376971
3,1.78,-0.0361535
3,1.785,-0.0346528
3,1.79,-0.0331948
3,1.795,-0.031779
3,1.8,-0.0304053
3,1.805,-0.0290731
3,1.81,-0.0277823
3,1.815,-0.0265322
3,1.82,-0.0253224
3,1.825,-0.0241525
3,1.83,-0.0230219
3,1.835,-0.02193
3,1.84,-0.0208763
3,1.845,-0.01986
3,1.85,-0.0188807
3,1.855,-0.0179376
3,1.86,-0.01703
3,1.865,-0.0161572
3,1.87,-0.0153186
3,1.875,-0.0145133
3,1.88,-0.0137407
3,1.885,-0.0129999
3,1.89,-0.0122902
3,1.895,-0.0116108
3,1.9,-0.0109609
3,1.905,-0.0103397
3,1.91,-0.00974637
3,1.915,-0.00918017
3,1.92,-0.00864026
3,1.925,-0.00812584
3,1.93,-0.00763609
3,1.935,-0.00717023
3,1.94,-0.00672743
3,1.945,-0.00630693
3,1.95,-0.00590792
3,1.955,-0.00552964
3,1.96,-0.0051713
3,1.965,-0.00483215
3,1.97,-0.00451145
3,1.975,-0.00420845
3,1.98,-0.00392244
3,1.985,-0.00365269
3,1.99,-0.00339852
3,1.995,-0.00315924
3,2,-0.00293418
3,2.005,-0.0027227
3,2.01,-0.00252417
3,2.015,-0.00233795
3,2.02,-0.00216346
3,2.025,-0.00200012
3,2.03,-0.00184735
3,2.035,-0.00170461
3,2.04,-0.00157138
3,2.045,-0.00144714
3,2.05,-0.0013314
3,2.055,-0.00122369
3,2.06,-0.00112355
3,2.065,-0.00103054
3,2.07,-0.000944248
3,2.075,-0.000864264
3,2.08,-0.000790205
3,2.085,-0.000721703
3,2.09,-0.000658405
3,2.095,-0.000599977
3,2.1,-0.0005461
3,2.105,-0.000496469
3,2.11,-0.000450797
3,2.115,-0.00040881
3,2.12,-0.000370248
3,2.125,-0.000334865
3,2.13,-0.000302431
3,2.135,-0.000272724
3,2.14,-0.000245539
3,2.145,-0.000220679
3,2.15,-0.000197961
3,2.155,-0.000177211
3,2.16,-0.000158267
3,2.165,-0.000140973
3,2.17,-0.000125186
3,2.175,-0.00011077
3,2.18,-9.75949e-05
3,2.185,-8.55403e-05
3,2.19,-7.44911e-05
3,2.195,-6.43384e-05
3,2.2,-5.49784e-05
3,2.205,-4.63119e-05
3,2.21,-3.82435e-05
3,2.215,-3.06806e-05
3,2.22,-2.35328e-05
3,2.225,-1.67108e-05
3,2.23,-1.01257e-05
3,2.235,-3.68737e-06
3,2.24,2.69622e-06
3,2.245,9.12076e-06
3,2.25,1.5687e-05
3,2.255,2.25025e-05
3,2.26,2.9684e-05
3,2.265,3.73591e-05
3,2.27,4.56699e-05
3,2.275,5.47754e-05
3,2.28,6.48557e-05
3,2.285,7.61166e-05
3,2.29,8.87943e-05
3,2.295,0.000103162
3,2.3,0.000119538
3,2.305,0.000138293
3,2.31,0.000159861
3,2.315,0.000184755
3,2.32,0.000213577
3,2.325,0.000247042
3,2.33,0.000285996
3,2.335,0.000331446
3,2.34,0.000384589
3,2.345,0.000446856
3,2.35,0.000519957
3,2.355,0.00060594
3,2.36,0.000707262
3,2.365,0.000826881
3,2.37,0.000968354
3,2.375,0.00113598
3,2.38,0.00133494
3,2.385,0.00157152
3,2.39,0.00185335
3,2.395,0.00218968
3,2.4,0.00259179
3,2.405,0.00307341
3,2.41,0.00365134
3,2.415,0.00434611
3,2.42,0.00518293
3,2.425,0.00619271
3,2.43,0.00741352
3,2.435,0.0088923
3,2.44,0.010687
3,2.445,0.0128694
3,2.45,0.0155283
3,2.455,0.0187743
3,2.46,0.0227449
3,2.465,0.0276116
3,2.47,0.0335886
3,2.475,0.0409444
3,2.48,0.0500155
3,2.485,0.0612251
3,2.49,0.0751063
3,2.495,0.0923322
3,2.5,0.113754
3,2.505,0.140451
3,2.51,0.173793
3,2.515,0.215526
3,2.52,0.267876
3,2.525,0.333688
3,2.53,0.416609
3,2.535,0.521321
3,2.54,0.653849
3,2.545,0.821966
3,2.55,1.03572
3,2.555,1.30812
3,2.56,1.65608
3,2.565,2.1016
3,2.57,2.67339
3,2.575,3.40897
3,2.58,4.35755
3,2.585,5.58378
3,2.59,7.1728
3,2.595,9.237
3,2.6,11.9252
4,0,1
4,0.005,1
4,0.01,0.999448
4,0.015,0.998343
4,0.02,0.996687
4,0.025,0.994481
4,0.03,0.991726
4,0.035,0.988422
4,0.04,0.984573
4,0.045,0.98018
4,0.05,0.975245
4,0.055,0.969772
4,0.06,0.963763
4,0.065,0.957222
4,0.07,0.950152
4,0.075,0.942557
4,0.08,0.934442
4,0.085,0.92581
4,0.09,0.916667
4,0.095,0.907018
4,0.1,0.896868
4,0.105,0.886223
4,0.11,0.875088
4,0.115,0.863469
4,0.12,0.851374
4,0.125,0.838808
4,0.13,0.825779
4,0.135,0.812294
4,0.14,0.798361
4,0.145,0.783986
4,0.15,0.769179
4,0.155,0.753946
4,0.16,0.738297
4,0.165,0.72224
4,0.17,0.705785
4,0.175,0.688939
4,0.18,0.671713
4,0.185,0.654116
4,0.19,0.636158
4,0.195,0.617848
4,0.2,0.599197
4,0.205,0.580215
4,0.21,0.560913
4,0.215,0.541301
4,0.22,0.521389
4,0.225,0.50119
4,0.23,0.480714
4,0.235,0.459973
4,0.24,0.438977
4,0.245,0.417739
4,0.25,0.39627
4,0.255,0.374582
4,0.26,0.352688
4,0.265,0.330598
4,0.27,0.308326
4,0.275,0.285884
4,0.28,0.263284
4,0.285,0.240538
4,0.29,0.21766
4,0.295,0.194661
4,0.3,0.171555
4,0.305,0.148354
4,0.31,0.125071
4,0.315,0.101719
4,0.32,0.0783106
4,0.325,0.0548591
4,0.33,0.0313774
4,0.335,0.00787829
4,0.34,-0.0156252
4,0.345,-0.03912
4,0.35,-0.0625932
4,0.355,-0.0860318
4,0.36,-0.109423
4,0.365,-0.132754
4,0.37,-0.156011
4,0.375,-0.179182
4,0.38,-0.202254
4,0.385,-0.225215
4,0.39,-0.248051
4,0.395,-0.27075
4,0.4,-0.293299
4,0.405,-0.315687
4,0.41,-0.3379
4,0.415,-0.359927
4,0.42,-0.381754
4,0.425,-0.403371
4,0.43,-0.424765
4,0.435,-0.445925
4,0.44,-0.466838
4,0.445,-0.487493
4,0.45,-0.507879
4,0.455,-0.527985
4,0.46,-0.547799
4,0.465,-0.56731
4,0.47,-0.586508
4,0.475,-0.605382
4,0.48,-0.623922
4,0.485,-0.642117
4,0.49,-0.659957
4,0.495,-0.677433
4,0.5,-0.694534
4,0.505,-0.711252
4,0.51,-0.727578
4,0.515,-0.743501
4,0.52,-0.759014
4,0.525,-0.774107
4,0.53,-0.788773
4,0.535,-0.803003
4,0.54,-0.81679
4,0.545,-0.830125
4,0.55,-0.843002
4,0.555,-0.855414
4,0.56,-0.867353
4,0.565,-0.878812
4,0.57,-0.889787
4,0.575,-0.90027
4,0.58,-0.910256
4,0.585,-0.919739
4,0.59,-0.928714
4,0.595,-0.937176
4,0.6,-0.94512
4,0.605,-0.952543
4,0.61,-0.959439
4,0.615,-0.965805
4,0.62,-0.971638
4,0.625,-0.976935
4,0.63,-0.981692
4,0.635,-0.985906
4,0.64,-0.989576
4,0.645,-0.9927
4,0.65,-0.995275
4,0.655,-0.997301
4,0.66,-0.998776
4,0.665,-0.999699
4,0.67,-1.00007
4,0.675,-0.999889
4,0.68,-0.999156
4,0.685,-0.997871
4,0.69,-0.996035
4,0.695,-0.993648
4,0.7,-0.990713
4,0.705,-0.987231
4,0.71,-0.983204
4,0.715,-0.978634
4,0.72,-0.973524
4,0.725,-0.967876
4,0.73,-0.961693
4,0.735,-0.95498
4,0.74,-0.947739
4,0.745,-0.939975
4,0.75,-0.931692
4,0.755,-0.922895
4,0.76,-0.913588
4,0.765,-0.903777
4,0.77,-0.893467
4,0.775,-0.882664
4,0.78,-0.871374
4,0.785,-0.859602
4,0.79,-0.847357
4,0.795,-0.834643
4,0.8,-0.821469
4,0.805,-0.807842
4,0.81,-0.793768
4,0.815,-0.779257
4,0.82,-0.764316
4,0.825,-0.748953
4,0.83,-0.733178
4,0.835,-0.716997
4,0.84,-0.700421
4,0.845,-0.683459
4,0.85,-0.66612
4,0.855,-0.648414
4,0.86,-0.63035
4,0.865,-0.611939
4,0.87,-0.59319
4,0.875,-0.574114
4,0.88,-0.554722
4,0.885,-0.535025
4,0.89,-0.515032
4,0.895,-0.494756
4,0.9,-0.474207
4,0.905,-0.453397
4,0.91,-0.432338
4,0.915,-0.41104
4,0.92,-0.389517
4,0.925,-0.367779
4,0.93,-0.345838
4,0.935,-0.323708
4,0.94,-0.301399
4,0.945,-0.278925
4,0.95,-0.256297
4,0.955,-0.233528
4,0.96,-0.210632
4,0.965,-0.187619
4,0.97,-0.164504
4,0.975,-0.141298
4,0.98,-0.118015
4,0.985,-0.0946667
4,0.99,-0.0712668
4,0.995,-0.0478278
4,1,-0.0243627
4,1.005,-0.000884143
4,1.01,0.0225948
4,1.015,0.0460615
4,1.02,0.0695029
4,1.025,0.0929064
4,1.03,0.116259
4,1.035,0.139548
4,1.04,0.162761
4,1.045,0.185886
4,1.05,0.208909
4,1.055,0.231818
4,1.06,0.254601
4,1.065,0.277246
4,1.07,0.29974
4,1.075,0.322071
4,1.08,0.344228
4,1.085,0.366198
4,1.09,0.387969
4,1.095,0.409531
4,1.1,0.430871
4,1.105,0.451979
4,1.11,0.472843
4,1.115,0.493452
4,1.12,0.513796
4,1.125,0.533863
4,1.13,0.553644
4,1.135,0.573128
4,1.14,0.592306
4,1.145,0.611166
4,1.15,0.629701
4,1.155,0.647899
4,1.16,0.665753
4,1.165,0.683254
4,1.17,0.700392
4,1.175,0.717159
4,1.18,0.733547
4,1.185,0.749549
4,1.19,0.765156
4,1.195,0.780362
4,1.2,0.795158
4,1.205,0.809539
4,1.21,0.823498
4,1.215,0.837029
4,1.22,0.850126
4,1.225,0.862782
4,1.23,0.874994
4,1.235,0.886756
4,1.24,0.898063
4,1.245,0.908911
4,1.25,0.919296
4,1.255,0.929215
4,1.26,0.938663
4,1.265,0.947639
4,1.27,0.956139
4,1.275,0.964161
4,1.28,0.971703
4,1.285,0.978763
4,1.29,0.985341
4,1.295,0.991435
4,1.3,0.997044
4,1.305,1.00217
4,1.31,1.00681
4,1.315,1.01097
4,1.32,1.01464
4,1.325,1.01783
4,1.33,1.02054
4,1.335,1.02277
4,1.34,1.02453
4,1.345,1.02581
4,1.35,1.02662
4,1.355,1.02697
4,1.36,1.02685
4,1.365,1.02627
4,1.37,1.02523
4,1.375,1.02374
4,1.38,1.02181
4,1.385,1.01943
4,1.39,1.01662
4,1.395,1.01339
4,1.4,1.00972
4,1.405,1.00564
4,1.41,1.00115
4,1.415,0.996261
4,1.42,0.990973
4,1.425,0.985297
4,1.43,0.979241
4,1.435,0.972813
4,1.44,0.966022
4,1.445,0.958876
4,1.45,0.951384
4,1.455,0.943556
4,1.46,0.9354
4,1.465,0.926926
4,1.47,0.918145
4,1.475,0.909065
4,1.48,0.899697
4,1.485,0.890052
4,1.49,0.88014
4,1.495,0.86997
4,1.5,0.859555
4,1.505,0.848905
4,1.51,0.838031
4,1.515,0.826943
4,1.52,0.815654
4,1.525,0.804174
4,1.53,0.792515
4,1.535,0.780687
4,1.54,0.768702
4,1.545,0.756572
4,1.55,0.744308
4,1.555,0.731921
4,1.56,0.719423
4,1.565,0.706825
4,1.57,0.694138
4,1.575,0.681374
4,1.58,0.668543
4,1.585,0.655657
4,1.59,0.642727
4,1.595,0.629763
4,1.6,0.616776
4,1.605,0.603778
4,1.61,0.590778
4,1.615,0.577787
4,1.62,0.564814
4,1.625,0.551871
4,1.63,0.538966
4,1.635,0.52611
4,1.64,0.513311
4,1.645,0.500579
4,1.65,0.487923
4,1.655,0.475351
4,1.66,0.462872
4,1.665,0.450495
4,1.67,0.438226
4,1.675,0.426074
4,1.68,0.414047
4,1.685,0.40215
4,1.69,0.390391
4,1.695,0.378777
4,1.7,0.367314
4,1.705,0.356007
4,1.71,0.344863
4,1.715,0.333886
4,1.72,0.323081
4,1.725,0.312454
4,1.73,0.302008
4,1.735,0.291747
4,1.74,0.281676
4,1.745,0.271797
4,1.75,0.262114
4,1.755,0.252629
4,1.76,0.243345
4,1.765,0.234264
4,1.77,0.225387
4,1.775,0.216716
4,1.78,0.208253
4,1.785,0.199998
4,1.79,0.191952
4,1.795,0.184115
4,1.8,0.176487
4,1.805,0.169068
4,1.81,0.161858
4,1.815,0.154855
4,1.82,0.148059
4,1.825,0.141468
4,1.83,0.135081
4,1.835,0.128897
4,1.84,0.122913
4,1.845,0.117127
4,1.85,0.111536
4,1.855,0.106139
4,1.86,0.100933
4,1.865,0.0959139
4,1.87,0.0910798
4,1.875,0.0864273
4,1.88,0.081953
4,1.885,0.0776535
4,1.89,0.0735252
4,1.895,0.0695646
4,1.9,0.0657678
4,1.905,0.0621311
4,1.91,0.0586505
4,1.915,0.0553221
4,1.92,0.0521419
4,1.925,0.0491058
4,1.93,0.0462097
4,1.935,0.0434495
4,1.94,0.0408212
4,1.945,0.0383205
4,1.95,0.0359433
4,1.955,0.0336854
4,1.96,0.0315429
4,1.965,0.0295116
4,1.97,0.0275874
4,1.975,0.0257664
4,1.98,0.0240446
4,1.985,0.0224181
4,1.99,0.020883
4,1.995,0.0194355
4,2,0.0180719
4,2.005,0.0167886
4,2.01,0.0155819
4,2.015,0.0144485
4,2.02,0.0133848
4,2.025,0.0123876
4,2.03,0.0114536
4,2.035,0.0105797
4,2.04,0.00976279
4,2.045,0.00899995
4,2.05,0.00828832
4,2.055,0.00762511
4,2.06,0.00700767
4,2.065,0.00643342
4,2.07,0.00589988
4,2.075,0.00540468
4,2.08,0.00494552
4,2.085,0.00452023
4,2.09,0.00412669
4,2.095,0.00376291
4,2.1,0.00342698
4,2.105,0.00311705
4,2.11,0.00283141
4,2.115,0.00256837
4,2.12,0.00232639
4,2.125,0.00210395
4,2.13,0.00189964
4,2.135,0.00171212
4,2.14,0.0015401
4,2.145,0.00138239
4,2.15,0.00123783
4,2.155,0.00110536
4,2.16,0.000983935
4,2.165,0.000872596
4,2.17,0.000770421
4,2.175,0.000676535
4,2.18,0.000590108
4,2.185,0.000510344
4,2.19,0.000436485
4,2.195,0.000367798
4,2.2,0.000303575
4,2.205,0.000243124
4,2.21,0.000185768
4,2.215,0.000130833
4,2.22,7.7644e-05
4,2.225,2.55156e-05
4,2.23,-2.62561e-05
4,2.235,-7.84035e-05
4,2.24,-0.0001317
4,2.245,-0.000186972
4,2.25,-0.000245113
4,2.255,-0.000307105
4,2.26,-0.000374033
4,2.265,-0.000447113
4,2.27,-0.000527717
4,2.275,-0.000617407
4,2.28,-0.00071797
4,2.285,-0.000831469
4,2.29,-0.00096029
4,2.295,-0.00110721
4,2.3,-0.00127548
4,2.305,-0.00146889
4,2.31,-0.00169192
4,2.315,-0.00194982
4,2.32,-0.00224883
4,2.325,-0.00259631
4,2.33,-0.00300099
4,2.335,-0.00347327
4,2.34,-0.00402553
4,2.345,-0.00467254
4,2.35,-0.00543197
4,2.355,-0.00632497
4,2.36,-0.00737692
4,2.365,-0.00861832
4,2.37,-0.0100859
4,2.375,-0.011824
4,2.38,-0.0138861
4,2.385,-0.0163369
4,2.39,-0.0192551
4,2.395,-0.022736
4,2.4,-0.0268956
4,2.405,-0.0318753
4,2.41,-0.037848
4,2.415,-0.0450248
4,2.42,-0.0536648
4,2.425,-0.0640857
4,2.43,-0.0766787
4,2.435,-0.0919255
4,2.44,-0.110421
4,2.445,-0.132902
4,2.45,-0.16028
4,2.455,-0.193687
4,2.46,-0.234534
4,2.465,-0.284577
4,2.47,-0.346012
4,2.475,-0.421584
4,2.48,-0.514741
4,2.485,-0.629811
4,2.49,-0.772247
4,2.495,-0.948929
4,2.5,-1.16856
4,2.505,-1.44216
4,2.51,-1.78373
4,2.515,-2.21109
4,2.52,-2.74695
4,2.525,-3.42035
4,2.53,-4.26849
4,2.535,-5.33911
4,2.54,-6.69361
4,2.545,-8.41121
4,2.55,-10.5942
5,0,-0.005
5,0.005,0
5,0.01,0.005
5,0.015,0.00999614
5,0.02,0.0149846
5,0.025,0.0199615
5,0.03,0.0249229
5,0.035,0.0298652
5,0.04,0.0347844
5,0.045,0.0396768
5,0.05,0.0445386
5,0.055,0.0493661
5,0.06,0.0541555
5,0.065,0.0589031
5,0.07,0.0636053
5,0.075,0.0682584
5,0.08,0.0728589
5,0.085,0.0774032
5,0.09,0.0818878
5,0.095,0.0863092
5,0.1,0.0906641
5,0.105,0.094949
5,0.11,0.0991608
5,0.115,0.103296
5,0.12,0.107352
5,0.125,0.111324
5,0.13,0.115211
5,0.135,0.119009
5,0.14,0.122716
5,0.145,0.126327
5,0.15,0.129842
5,0.155,0.133256
5,0.16,0.136567
5,0.165,0.139773
5,0.17,0.142871
5,0.175,0.145859
5,0.18,0.148735
5,0.185,0.151496
5,0.19,0.154139
5,0.195,0.156665
5,0.2,0.159069
5,0.205,0.16135
5,0.21,0.163508
5,0.215,0.165539
5,0.22,0.167442
5,0.225,0.169216
5,0.23,0.17086
5,0.235,0.172372
5,0.24,0.173751
5,0.245,0.174996
5,0.25,0.176106
5,0.255,0.17708
5,0.26,0.177918
5,0.265,0.178618
5,0.27,0.179181
5,0.275,0.179606
5,0.28,0.179892
5,0.285,0.180039
5,0.29,0.180047
5,0.295,0.179917
5,0.3,0.179648
5,0.305,0.17924
5,0.31,0.178694
5,0.315,0.17801
5,0.32,0.177189
5,0.325,0.176231
5,0.33,0.175137
5,0.335,0.173909
5,0.34,0.172546
5,0.345,0.17105
5,0.35,0.169422
5,0.355,0.167663
5,0.36,0.165776
5,0.365,0.16376
5,0.37,0.161618
5,0.375,0.159351
5,0.38,0.156962
5,0.385,0.154451
5,0.39,0.151821
5,0.395,0.149075
5,0.4,0.146213
5,0.405,0.143238
5,0.41,0.140153
5,0.415,0.13696
5,0.42,0.133661
5,0.425,0.13026
5,0.43,0.126757
5,0.435,0.123157
5,0.44,0.119462
5,0.445,0.115675
5,0.45,0.111799
5,0.455,0.107836
5,0.46,0.103791
5,0.465,0.0996648
5,0.47,0.0954621
5,0.475,0.0911859
5,0.48,0.0868392
5,0.485,0.0824257
5,0.49,0.0779485
5,0.495,0.0734113
5,0.5,0.0688174
5,0.505,0.0641704
5,0.51,0.059474
5,0.515,0.0547317
5,0.52,0.0499472
5,0.525,0.0451241
5,0.53,0.0402663
5,0.535,0.0353774
5,0.54,0.0304612
5,0.545,0.0255215
5,0.55,0.0205622
5,0.555,0.015587
5,0.56,0.0105997
5,0.565,0.00560431
5,0.57,0.000604578
5,0.575,-0.00439562
5,0.58,-0.00939243
5,0.585,-0.014382
5,0.59,-0.0193605
5,0.595,-0.024324
5,0.6,-0.0292688
5,0.605,-0.034191
5,0.61,-0.0390868
5,0.615,-0.0439525
5,0.62,-0.0487843
5,0.625,-0.0535785
5,0.63,-0.0583314
5,0.635,-0.0630393
5,0.64,-0.0676985
5,0.645,-0.0723056
5,0.65,-0.0768569
5,0.655,-0.0813489
5,0.66,-0.0857782
5,0.665,-0.0901413
5,0.67,-0.094435
5,0.675,-0.0986558
5,0.68,-0.1028
5,0.685,-0.106866
5,0.69,-0.110849
5,0.695,-0.114747
5,0.7,-0.118556
5,0.705,-0.122273
5,0.71,-0.125897
5,0.715,-0.129423
5,0.72,-0.13285
5,0.725,-0.136174
5,0.73,-0.139393
5,0.735,-0.142504
5,0.74,-0.145506
5,0.745,-0.148396
5,0.75,-0.151171
5,0.755,-0.153829
5,0.76,-0.156369
5,0.765,-0.158789
5,0.77,-0.161086
5,0.775,-0.163259
5,0.78,-0.165306
5,0.785,-0.167225
5,0.79,-0.169016
5,0.795,-0.170676
5,0.8,-0.172205
5,0.805,-0.173601
5,0.81,-0.174864
5,0.815,-0.175991
5,0.82,-0.176983
5,0.825,-0.177839
5,0.83,-0.178557
5,0.835,-0.179138
5,0.84,-0.179581
5,0.845,-0.179886
5,0.85,-0.180052
5,0.855,-0.180079
5,0.86,-0.179968
5,0.865,-0.179718
5,0.87,-0.179329
5,0.875,-0.178803
5,0.88,-0.178138
5,0.885,-0.177337
5,0.89,-0.176399
5,0.895,-0.175326
5,0.9,-0.174117
5,0.905,-0.172774
5,0.91,-0.171299
5,0.915,-0.169692
5,0.92,-0.167954
5,0.925,-0.166087
5,0.93,-0.164092
5,0.935,-0.161971
5,0.94,-0.159725
5,0.945,-0.157357
5,0.95,-0.154868
5,0.955,-0.15226
5,0.96,-0.149535
5,0.965,-0.146695
5,0.97,-0.143742
5,0.975,-0.140679
5,0.98,-0.137508
5,0.985,-0.134231
5,0.99,-0.130852
5,0.995,-0.127372
5,1,-0.123794
5,1.005,-0.120122
5,1.01,-0.116358
5,1.015,-0.112504
5,1.02,-0.108564
5,1.025,-0.104542
5,1.03,-0.100439
5,1.035,-0.0962591
5,1.04,-0.0920059
5,1.045,-0.0876824
5,1.05,-0.0832919
5,1.055,-0.0788378
5,1.06,-0.0743236
5,1.065,-0.0697526
5,1.07,-0.0651285
5,1.075,-0.0604548
5,1.08,-0.0557351
5,1.085,-0.0509729
5,1.09,-0.046172
5,1.095,-0.041336
5,1.1,-0.0364686
5,1.105,-0.0315735
5,1.11,-0.0266545
5,1.115,-0.0217153
5,1.12,-0.0167596
5,1.125,-0.0117913
5,1.13,-0.00681404
5,1.135,-0.00183166
5,1.14,0.00315211
5,1.145,0.0081335
5,1.15,0.0131088
5,1.155,0.0180742
5,1.16,0.023026
5,1.165,0.0279606
5,1.17,0.0328742
5,1.175,0.0377632
5,1.18,0.042624
5,1.185,0.047453
5,1.19,0.0522467
5,1.195,0.0570014
5,1.2,0.0617139
5,1.205,0.0663806
5,1.21,0.0709981
5,1.215,0.0755632
5,1.22,0.0800725
5,1.225,0.0845229
5,1.23,0.0889112
5,1.235,0.0932343
5,1.24,0.0974892
5,1.245,0.101673
5,1.25,0.105783
5,1.255,0.109815
5,1.26,0.113769
5,1.265,0.11764
5,1.27,0.121426
5,1.275,0.125125
5,1.28,0.128734
5,1.285,0.132251
5,1.29,0.135675
5,1.295,0.139001
5,1.3,0.14223
5,1.305,0.145358
5,1.31,0.148384
5,1.315,0.151306
5,1.32,0.154123
5,1.325,0.156833
5,1.33,0.159435
5,1.335,0.161927
5,1.34,0.164308
5,1.345,0.166577
5,1.35,0.168733
5,1.355,0.170775
5,1.36,0.172703
5,1.365,0.174516
5,1.37,0.176213
5,1.375,0.177794
5,1.38,0.179258
5,1.385,0.180606
5,1.39,0.181837
5,1.395,0.182952
5,1.4,0.18395
5,1.405,0.184832
5,1.41,0.185598
5,1.415,0.186248
5,1.42,0.186784
5,1.425,0.187206
5,1.43,0.187515
5,1.435,0.187712
5,1.44,0.187797
5,1.445,0.187772
5,1.45,0.187639
5,1.455,0.187398
5,1.46,0.187051
5,1.465,0.186599
5,1.47,0.186045
5,1.475,0.18539
5,1.48,0.184635
5,1.485,0.183783
5,1.49,0.182835
5,1.495,0.181794
5,1.5,0.180662
5,1.505,0.179441
5,1.51,0.178133
5,1.515,0.176741
5,1.52,0.175267
5,1.525,0.173714
5,1.53,0.172084
5,1.535,0.17038
5,1.54,0.168604
5,1.545,0.16676
5,1.55,0.164849
5,1.555,0.162875
5,1.56,0.160841
5,1.565,0.158749
5,1.57,0.156603
5,1.575,0.154404
5,1.58,0.152157
5,1.585,0.149864
5,1.59,0.147528
5,1.595,0.145152
5,1.6,0.142739
5,1.605,0.140293
5,1.61,0.137815
5,1.615,0.135308
5,1.62,0.132777
5,1.625,0.130224
5,1.63,0.127651
5,1.635,0.125061
5,1.64,0.122458
5,1.645,0.119844
5,1.65,0.117222
5,1.655,0.114595
5,1.66,0.111964
5,1.665,0.109334
5,1.67,0.106707
5,1.675,0.104084
5,1.68,0.101469
5,1.685,0.0988641
5,1.69,0.0962713
5,1.695,0.0936931
5,1.7,0.0911316
5,1.705,0.088589
5,1.71,0.0860675
5,1.715,0.0835689
5,1.72,0.0810951
5,1.725,0.0786481
5,1.73,0.0762295
5,1.735,0.0738411
5,1.74,0.0714843
5,1.745,0.0691608
5,1.75,0.0668719
5,1.755,0.064619
5,1.76,0.0624033
5,1.765,0.0602259
5,1.77,0.0580879
5,1.775,0.0559904
5,1.78,0.0539342
5,1.785,0.0519201
5,1.79,0.0499488
5,1.795,0.0480211
5,1.8,0.0461373
5,1.805,0.0442982
5,1.81,0.0425039
5,1.815,0.0407548
5,1.82,0.0390513
5,1.825,0.0373933
5,1.83,0.0357811
5,1.835,0.0342146
5,1.84,0.0326938
5,1.845,0.0312185
5,1.85,0.0297886
5,1.855,0.0284038
5,1.86,0.0270638
5,1.865,0.0257681
5,1.87,0.0245165
5,1.875,0.0233083
5,1.88,0.0221432
5,1.885,0.0210204
5,1.89,0.0199393
5,1.895,0.0188993
5,1.9,0.0178998
5,1.905,0.0169398
5,1.91,0.0160188
5,1.915,0.0151358
5,1.92,0.01429
5,1.925,0.0134806
5,1.93,0.0127066
5,1.935,0.0119673
5,1.94,0.0112617
5,1.945,0.0105888
5,1.95,0.00994767
5,1.955,0.00933745
5,1.96,0.00875714
5,1.965,0.00820579
5,1.97,0.00768244
5,1.975,0.00718613
5,1.98,0.00671591
5,1.985,0.00627083
5,1.99,0.00584995
5,1.995,0.00545235
5,2,0.00507708
5,2.005,0.00472326
5,2.01,0.00438997
5,2.015,0.00407634
5,2.02,0.00378151
5,2.025,0.00350462
5,2.03,0.00324486
5,2.035,0.0030014
5,2.04,0.00277346
5,2.045,0.00256027
5,2.05,0.00236109
5,2.055,0.00217518
5,2.06,0.00200186
5,2.065,0.00184043
5,2.07,0.00169025
5,2.075,0.00155069
5,2.08,0.00142112
5,2.085,0.00130098
5,2.09,0.00118969
5,2.095,0.00108671
5,2.1,0.000991545
5,2.105,0.000903686
5,2.11,0.000822667
5,2.115,0.000748039
5,2.12,0.000679377
5,2.125,0.000616274
5,2.13,0.000558347
5,2.135,0.000505231
5,2.14,0.000456581
5,2.145,0.000412071
5,2.15,0.000371394
5,2.155,0.000334259
5,2.16,0.000300393
5,2.165,0.000269541
5,2.17,0.000241459
5,2.175,0.000215923
5,2.18,0.00019272
5,2.185,0.000171652
5,2.19,0.000152531
5,2.195,0.000135185
5,2.2,0.00011945
5,2.205,0.000105173
5,2.21,9.22115e-05
5,2.215,8.04318e-05
5,2.22,6.97077e-05
5,2.225,5.99206e-05
5,2.23,5.09585e-05
5,2.235,4.27147e-05
5,2.24,3.50876e-05
5,2.245,2.7979e-05
5,2.25,2.12937e-05
5,2.255,1.49383e-05
5,2.26,8.81968e-06
5,2.265,2.84422e-06
5,2.27,-3.084e-06
5,2.275,-9.06465e-06
5,2.28,-1.5203e-05
5,2.285,-2.16118e-05
5,2.29,-2.84143e-05
5,2.295,-3.57461e-05
5,2.3,-4.37591e-05
5,2.305,-5.26253e-05
5,2.31,-6.2541e-05
5,2.315,-7.37323e-05
5,2.32,-8.64617e-05
5,2.325,-0.000101036
5,2.33,-0.000117814
5,2.335,-0.00013722
5,2.34,-0.000159755
5,2.345,-0.000186016
5,2.35,-0.000216712
5,2.355,-0.000252689
5,2.36,-0.000294961
5,2.365,-0.000344744
5,2.37,-0.000403499
5,2.375,-0.000472987
5,2.38,-0.000555332
5,2.385,-0.000653104
5,2.39,-0.000769415
5,2.395,-0.000908041
5,2.4,-0.00107358
5,2.405,-0.00127162
5,2.41,-0.00150899
5,2.415,-0.00179404
5,2.42,-0.00213699
5,2.425,-0.0025504
5,2.43,-0.00304969
5,2.435,-0.00365387
5,2.44,-0.00438638
5,2.445,-0.00527623
5,2.45,-0.00635933
5,2.455,-0.00768029
5,2.46,-0.00929456
5,2.465,-0.0112712
5,2.47,-0.0136966
5,2.475,-0.0166787
5,2.48,-0.0203527
5,2.485,-0.0248888
5,2.49,-0.0305008
5,2.495,-0.0374588
5,2.5,-0.0461038
5,2.505,-0.0568682
5,2.51,-0.0703003
5,2.515,-0.0870981
5,2.52,-0.108151
5,2.525,-0.134596
5,2.53,-0.167887
5,2.535,-0.209891
5,2.54,-0.26301
5,2.545,-0.330338
5,2.55,-0.415873
5,2.555,-0.52479
5,2.56,-0.663807
5,2.565,-0.841659
5,2.57,-1.06974
5,2.575,-1.36293
5,2.58,-1.74072
5,2.585,-2.22873
5,2.59,-2.86064
5,2.595,-3.6809
5,2.6,-4.74832
5,2.605,-6.14084
5,2.61,-7.96206
5,2.615,-10.35
6,0,1
6,0.005,1
6,0.01,0.998986
6,0.015,0.996958
6,0.02,0.99392
6,0.025,0.989873
6,0.03,0.984822
6,0.035,0.978773
6,0.04,0.971731
6,0.045,0.963703
6,0.05,0.954698
6,0.055,0.944724
6,0.06,0.933792
6,0.065,0.921914
6,0.07,0.9091
6,0.075,0.895364
6,0.08,0.88072
6,0.085,0.865183
6,0.09,0.848768
6,0.095,0.831493
6,0.1,0.813374
6,0.105,0.79443
6,0.11,0.77468
6,0.115,0.754145
6,0.12,0.732845
6,0.125,0.710801
6,0.13,0.688037
6,0.135,0.664574
6,0.14,0.640438
6,0.145,0.615652
6,0.15,0.590242
6,0.155,0.564233
6,0.16,0.537652
6,0.165,0.510525
6,0.17,0.482881
6,0.175,0.454747
6,0.18,0.426152
6,0.185,0.397124
6,0.19,0.367694
6,0.195,0.337891
6,0.2,0.307745
6,0.205,0.277287
6,0.21,0.246547
6,0.215,0.215558
6,0.22,0.18435
6,0.225,0.152955
6,0.23,0.121405
6,0.235,0.089732
6,0.24,0.0579678
6,0.245,0.0261448
6,0.25,-0.00570473
6,0.255,-0.0375485
6,0.26,-0.0693541
6,0.265,-0.101089
6,0.27,-0.132722
6,0.275,-0.16422
6,0.28,-0.195552
6,0.285,-0.226685
6,0.29,-0.257589
6,0.295,-0.288231
6,0.3,-0.31858
6,0.305,-0.348607
6,0.31,-0.37828
6,0.315,-0.40757
6,0.32,-0.436446
6,0.325,-0.464879
6,0.33,-0.492841
6,0.335,-0.520303
6,0.34,-0.547237
6,0.345,-0.573617
6,0.35,-0.599414
6,0.355,-0.624604
6,0.36,-0.64916
6,0.365,-0.673057
6,0.37,-0.696272
6,0.375,-0.718781
6,0.38,-0.740561
6,0.385,-0.76159
6,0.39,-0.781846
6,0.395,-0.801309
6,0.4,-0.81996
6,0.405,-0.837779
6,0.41,-0.854748
6,0.415,-0.87085
6,0.42,-0.886069
6,0.425,-0.900389
6,0.43,-0.913797
6,0.435,-0.926277
6,0.44,-0.937818
6,0.445,-0.948407
6,0.45,-0.958035
6,0.455,-0.966691
6,0.46,-0.974367
6,0.465,-0.981054
6,0.47,-0.986747
6,0.475,-0.991438
6,0.48,-0.995124
6,0.485,-0.997801
6,0.49,-0.999466
6,0.495,-1.00012
6,0.5,-0.999754
6,0.505,-0.998376
6,0.51,-0.995986
6,0.515,-0.992586
6,0.52,-0.988179
6,0.525,-0.98277
6,0.53,-0.976365
6,0.535,-0.968969
6,0.54,-0.96059
6,0.545,-0.951237
6,0.55,-0.940919
6,0.555,-0.929647
6,0.56,-0.917432
6,0.565,-0.904286
6,0.57,-0.890224
6,0.575,-0.875258
6,0.58,-0.859405
6,0.585,-0.84268
6,0.59,-0.8251
6,0.595,-0.806684
6,0.6,-0.78745
6,0.605,-0.767416
6,0.61,-0.746605
6,0.615,-0.725036
6,0.62,-0.702732
6,0.625,-0.679716
6,0.63,-0.656009
6,0.635,-0.631638
6,0.64,-0.606626
6,0.645,-0.580999
6,0.65,-0.554782
6,0.655,-0.528003
6,0.66,-0.500688
6,0.665,-0.472866
6,0.67,-0.444564
6,0.675,-0.415811
6,0.68,-0.386637
6,0.685,-0.35707
6,0.69,-0.327141
6,0.695,-0.296881
6,0.7,-0.266319
6,0.705,-0.235488
6,0.71,-0.204417
6,0.715,-0.173139
6,0.72,-0.141686
6,0.725,-0.110089
6,0.73,-0.0783803
6,0.735,-0.0465921
6,0.74,-0.0147568
6,0.745,0.0170936
6,0.75,0.0489266
6,0.755,0.08071
6,0.76,0.112412
6,0.765,0.143999
6,0.77,0.175441
6,0.775,0.206704
6,0.78,0.237759
6,0.785,0.268572
6,0.79,0.299112
6,0.795,0.32935
6,0.8,0.359254
6,0.805,0.388793
6,0.81,0.417939
6,0.815,0.44666
6,0.82,0.474929
6,0.825,0.502717
6,0.83,0.529995
6,0.835,0.556736
6,0.84,0.582912
6,0.845,0.608498
6,0.85,0.633468
6,0.855,0.657795
6,0.86,0.681456
6,0.865,0.704426
6,0.87,0.726683
6,0.875,0.748204
6,0.88,0.768966
6,0.885,0.78895
6,0.89,0.808135
6,0.895,0.826501
6,0.9,0.84403
6,0.905,0.860705
6,0.91,0.876508
6,0.915,0.891424
6,0.92,0.905437
6,0.925,0.918534
6,0.93,0.930701
6,0.935,0.941926
6,0.94,0.952199
6,0.945,0.961508
6,0.95,0.969844
6,0.955,0.9772
6,0.96,0.983567
6,0.965,0.98894
6,0.97,0.993313
6,0.975,0.996682
6,0.98,0.999044
6,0.985,1.0004
6,0.99,1.00074
6,0.995,1.00007
6,1,0.998392
6,1.005,0.995705
6,1.01,0.992014
6,1.015,0.987322
6,1.02,0.981634
6,1.025,0.974956
6,1.03,0.967295
6,1.035,0.958659
6,1.04,0.949057
6,1.045,0.9385
6,1.05,0.926997
6,1.055,0.914562
6,1.06,0.901206
6,1.065,0.886944
6,1.07,0.871791
6,1.075,0.855761
6,1.08,0.838872
6,1.085,0.821141
6,1.09,0.802586
6,1.095,0.783225
6,1.1,0.76308
6,1.105,0.74217
6,1.11,0.720517
6,1.115,0.698143
6,1.12,0.675071
6,1.125,0.651325
6,1.13,0.626927
6,1.135,0.601904
6,1.14,0.576281
6,1.145,0.550084
6,1.15,0.523339
6,1.155,0.496073
6,1.16,0.468314
6,1.165,0.44009
6,1.17,0.411429
6,1.175,0.382361
6,1.18,0.352914
6,1.185,0.323117
6,1.19,0.293002
6,1.195,0.262597
6,1.2,0.231934
6,1.205,0.201042
6,1.21,0.169952
6,1.215,0.138696
6,1.22,0.107304
6,1.225,0.0758061
6,1.23,0.0442345
6,1.235,0.0126198
6,1.24,-0.0190073
6,1.245,-0.0506159
6,1.25,-0.0821753
6,1.255,-0.113655
6,1.26,-0.145025
6,1.265,-0.176255
6,1.27,-0.207314
6,1.275,-0.238175
6,1.28,-0.268807
6,1.285,-0.299181
6,1.29,-0.32927
6,1.295,-0.359045
6,1.3,-0.388479
6,1.305,-0.417544
6,1.31,-0.446215
6,1.315,-0.474465
6,1.32,-0.502269
6,1.325,-0.529603
6,1.33,-0.556442
6,1.335,-0.582763
6,1.34,-0.608544
6,1.345,-0.633761
6,1.35,-0.658396
6,1.355,-0.682426
6,1.36,-0.705833
6,1.365,-0.728598
6,1.37,-0.750702
6,1.375,-0.772129
6,1.38,-0.792863
6,1.385,-0.812889
6,1.39,-0.832192
6,1.395,-0.850759
6,1.4,-0.868578
6,1.405,-0.885637
6,1.41,-0.901926
6,1.415,-0.917435
6,1.42,-0.932157
6,1.425,-0.946082
6,1.43,-0.959206
6,1.435,-0.971523
6,1.44,-0.983028
6,1.445,-0.993718
6,1.45,-1.00359
6,1.455,-1.01264
6,1.46,-1.02088
6,1.465,-1.0283
6,1.47,-1.0349
6,1.475,-1.04068
6,1.48,-1.04566
6,1.485,-1.04983
6,1.49,-1.0532
6,1.495,-1.05577
6,1.5,-1.05756
6,1.505,-1.05857
6,1.51,-1.05882
6,1.515,-1.0583
6,1.52,-1.05704
6,1.525,-1.05504
6,1.53,-1.05232
6,1.535,-1.04889
6,1.54,-1.04477
6,1.545,-1.03997
6,1.55,-1.0345
6,1.555,-1.02838
6,1.56,-1.02163
6,1.565,-1.01427
6,1.57,-1.00631
6,1.575,-0.997771
6,1.58,-0.988676
6,1.585,-0.979044
6,1.59,-0.968893
6,1.595,-0.958244
6,1.6,-0.947117
6,1.605,-0.935535
6,1.61,-0.923519
6,1.615,-0.911089
6,1.62,-0.898269
6,1.625,-0.885079
6,1.63,-0.871543
6,1.635,-0.857683
6,1.64,-0.84352
6,1.645,-0.829078
6,1.65,-0.814378
6,1.655,-0.799443
6,1.66,-0.784294
6,1.665,-0.768956
6,1.67,-0.753448
6,1.675,-0.737792
6,1.68,-0.722011
6,1.685,-0.706125
6,1.69,-0.690155
6,1.695,-0.674122
6,1.7,-0.658046
6,1.705,-0.641946
6,1.71,-0.625842
6,1.715,-0.609754
6,1.72,-0.593698
6,1.725,-0.577694
6,1.73,-0.561759
6,1.735,-0.545908
6,1.74,-0.53016
6,1.745,-0.514529
6,1.75,-0.499031
6,1.755,-0.48368
6,1.76,-0.46849
6,1.765,-0.453474
6,1.77,-0.438645
6,1.775,-0.424014
6,1.78,-0.409593
6,1.785,-0.395392
6,1.79,-0.381422
6,1.795,-0.367691
6,1.8,-0.354208
6,1.805,-0.34098
6,1.81,-0.328016
6,1.815,-0.315321
6,1.82,-0.302901
6,1.825,-0.290761
6,1.83,-0.278907
6,1.835,-0.267341
6,1.84,-0.256066
6,1.845,-0.245087
6,1.85,-0.234404
6,1.855,-0.224018
6,1.86,-0.213932
6,1.865,-0.204144
6,1.87,-0.194656
6,1.875,-0.185465
6,1.88,-0.176572
6,1.885,-0.167973
6,1.89,-0.159667
6,1.895,-0.151652
6,1.9,-0.143923
6,1.905,-0.136478
6,1.91,-0.129314
6,1.915,-0.122425
6,1.92,-0.115807
6,1.925,-0.109456
6,1.93,-0.103367
6,1.935,-0.097534
6,1.94,-0.0919517
6,1.945,-0.0866145
6,1.95,-0.0815164
6,1.955,-0.0766515
6,1.96,-0.0720135
6,1.965,-0.0675961
6,1.97,-0.063393
6,1.975,-0.0593976
6,1.98,-0.0556034
6,1.985,-0.0520039
6,1.99,-0.0485924
6,1.995,-0.0453624
6,2,-0.0423072
6,2.005,-0.0394205
6,2.01,-0.0366955
6,2.015,-0.034126
6,2.02,-0.0317055
6,2.025,-0.0294279
6,2.03,-0.0272867
6,2.035,-0.0252761
6,2.04,-0.0233901
6,2.045,-0.0216228
6,2.05,-0.0199685
6,2.055,-0.0184216
6,2.06,-0.0169769
6,2.065,-0.0156289
6,2.07,-0.0143726
6,2.075,-0.013203
6,2.08,-0.0121154
6,2.085,-0.0111052
6,2.09,-0.0101678
6,2.095,-0.00929912
6,2.1,-0.00849491
6,2.105,-0.00775126
6,2.11,-0.00706439
6,2.115,-0.00643069
6,2.12,-0.00584671
6,2.125,-0.00530916
6,2.13,-0.00481491
6,2.135,-0.00436097
6,2.14,-0.00394452
6,2.145,-0.00356288
6,2.15,-0.00321351
6,2.155,-0.00289402
6,2.16,-0.00260212
6,2.165,-0.0023357
6,2.17,-0.00209272
6,2.175,-0.00187129
6,2.18,-0.00166962
6,2.185,-0.00148605
6,2.19,-0.00131897
6,2.195,-0.00116692
6,2.2,-0.00102849
6,2.205,-0.000902363
6,2.21,-0.000787307
6,2.215,-0.000682149
6,2.22,-0.000585778
6,2.225,-0.000497139
6,2.23,-0.000415223
6,2.235,-0.00033906
6,2.24,-0.000267708
6,2.245,-0.000200248
6,2.25,-0.00013577
6,2.255,-7.33609e-05
6,2.26,-1.20976e-05
6,2.265,4.89724e-05
6,2.27,0.000110844
6,2.275,0.000174573
6,2.28,0.000241295
6,2.285,0.000312254
6,2.29,0.000388822
6,2.295,0.00047254
6,2.3,0.000565149
6,2.305,0.000668639
6,2.31,0.000785301
6,2.315,0.000917789
6,2.32,0.0010692
6,2.325,0.00124316
6,2.33,0.00144394
6,2.335,0.00167658
6,2.34,0.00194704
6,2.345,0.00226244
6,2.35,0.00263123
6,2.355,0.0030635
6,2.36,0.00357134
6,2.365,0.00416926
6,2.37,0.00487467
6,2.375,0.00570856
6,2.38,0.00669624
6,2.385,0.0078683
6,2.39,0.0092618
6,2.395,0.0109217
6,2.4,0.0129026
6,2.405,0.0152709
6,2.41,0.0181079
6,2.415,0.0215127
6,2.42,0.0256066
6,2.425,0.0305385
6,2.43,0.0364913
6,2.435,0.0436902
6,2.44,0.0524131
6,2.445,0.0630032
6,2.45,0.0758858
6,2.455,0.0915882
6,2.46,0.110766
6,2.465,0.134236
6,2.47,0.163017
6,2.475,0.198384
6,2.48,0.241934
6,2.485,0.295671
6,2.49,0.36212
6,2.495,0.444459
6,2.5,0.546709
6,2.505,0.673957
6,2.51,0.832657
6,2.515,1.03102
6,2.52,1.2795
6,2.525,1.59146
6,2.53,1.98398
6,2.535,2.47899
6,2.54,3.10467
6,2.545,3.89733
6,2.55,4.90384
6,2.555,6.18488
6,2.56,7.81914
6,2.565,9.90897
6,2.57,12.5877
7,0,-0.005
7,0.005,0
7,0.01,0.005
7,0.015,0.00999355
7,0.02,0.0149742
7,0.025,0.0199356
7,0.03,0.0248713
7,0.035,0.0297749
7,0.04,0.0346401
7,0.045,0.0394606
7,0.05,0.0442303
7,0.055,0.048943
7,0.06,0.0535926
7,0.065,0.058173
7,0.07,0.0626785
7,0.075,0.0671032
7,0.08,0.0714414
7,0.085,0.0756874
7,0.09,0.0798359
7,0.095,0.0838815
7,0.1,0.087819
7,0.105,0.0916432
7,0.11,0.0953493
7,0.115,0.0989324
7,0.12,0.102388
7,0.125,0.105712
7,0.13,0.108899
7,0.135,0.111946
7,0.14,0.114849
7,0.145,0.117603
7,0.15,0.120206
7,0.155,0.122654
7,0.16,0.124944
7,0.165,0.127073
7,0.17,0.129038
7,0.175,0.130836
7,0.18,0.132466
7,0.185,0.133925
7,0.19,0.135212
7,0.195,0.136324
7,0.2,0.137261
7,0.205,0.13802
7,0.21,0.138602
7,0.215,0.139005
7,0.22,0.139228
7,0.225,0.139272
7,0.23,0.139137
7,0.235,0.138822
7,0.24,0.138329
7,0.245,0.137657
7,0.25,0.136807
7,0.255,0.135781
7,0.26,0.13458
7,0.265,0.133206
7,0.27,0.13166
7,0.275,0.129944
7,0.28,0.128061
7,0.285,0.126012
7,0.29,0.123801
7,0.295,0.121431
7,0.3,0.118904
7,0.305,0.116223
7,0.31,0.113393
7,0.315,0.110417
7,0.32,0.107298
7,0.325,0.104041
7,0.33,0.10065
7,0.335,0.0971288
7,0.34,0.0934826
7,0.345,0.0897159
7,0.35,0.0858336
7,0.355,0.0818406
7,0.36,0.0777421
7,0.365,0.0735434
7,0.37,0.0692499
7,0.375,0.0648671
7,0.38,0.0604007
7,0.385,0.0558564
7,0.39,0.0512401
7,0.395,0.0465577
7,0.4,0.0418153
7,0.405,0.037019
7,0.41,0.032175
7,0.415,0.0272895
7,0.42,0.0223689
7,0.425,0.0174194
7,0.43,0.0124474
7,0.435,0.00745937
7,0.44,0.00246174
7,0.445,-0.00253907
7,0.45,-0.0075366
7,0.455,-0.0125244
7,0.46,-0.0174961
7,0.465,-0.0224452
7,0.47,-0.0273654
7,0.475,-0.0322503
7,0.48,-0.0370936
7,0.485,-0.0418891
7,0.49,-0.0466306
7,0.495,-0.051312
7,0.5,-0.0559272
7,0.505,-0.0604704
7,0.51,-0.0649355
7,0.515,-0.069317
7,0.52,-0.0736091
7,0.525,-0.0778063
7,0.53,-0.0819032
7,0.535,-0.0858945
7,0.54,-0.0897751
7,0.545,-0.09354
7,0.55,-0.0971842
7,0.555,-0.100703
7,0.56,-0.104092
7,0.565,-0.107347
7,0.57,-0.110464
7,0.575,-0.113438
7,0.58,-0.116266
7,0.585,-0.118944
7,0.59,-0.121469
7,0.595,-0.123837
7,0.6,-0.126045
7,0.605,-0.128091
7,0.61,-0.129972
7,0.615,-0.131685
7,0.62,-0.133229
7,0.625,-0.134601
7,0.63,-0.135799
7,0.635,-0.136822
7,0.64,-0.137669
7,0.645,-0.138338
7,0.65,-0.138829
7,0.655,-0.139141
7,0.66,-0.139274
7,0.665,-0.139227
7,0.67,-0.139001
7,0.675,-0.138595
7,0.68,-0.138011
7,0.685,-0.137249
7,0.69,-0.13631
7,0.695,-0.135195
7,0.7,-0.133906
7,0.705,-0.132444
7,0.71,-0.130812
7,0.715,-0.129011
7,0.72,-0.127044
7,0.725,-0.124913
7,0.73,-0.122621
7,0.735,-0.120171
7,0.74,-0.117566
7,0.745,-0.114809
7,0.75,-0.111905
7,0.755,-0.108856
7,0.76,-0.105667
7,0.765,-0.102342
7,0.77,-0.0988845
7,0.775,-0.0952999
7,0.78,-0.0915925
7,0.785,-0.087767
7,0.79,-0.0838284
7,0.795,-0.0797818
7,0.8,-0.0756324
7,0.805,-0.0713855
7,0.81,-0.0670466
7,0.815,-0.0626214
7,0.82,-0.0581154
7,0.825,-0.0535345
7,0.83,-0.0488847
7,0.835,-0.0441719
7,0.84,-0.0394022
7,0.845,-0.0345817
7,0.85,-0.0297166
7,0.855,-0.0248133
7,0.86,-0.019878
7,0.865,-0.0149171
7,0.87,-0.00993702
7,0.875,-0.00494411
7,0.88,5.5162e-05
7,0.885,0.00505437
7,0.89,0.0100471
7,0.895,0.0150268
7,0.9,0.0199872
7,0.905,0.0249219
7,0.91,0.0298245
7,0.915,0.0346887
7,0.92,0.0395082
7,0.925,0.0442769
7,0.93,0.0489886
7,0.935,0.0536373
7,0.94,0.0582169
7,0.945,0.0627217
7,0.95,0.0671457
7,0.955,0.0714834
7,0.96,0.0757291
7,0.965,0.0798775
7,0.97,0.0839231
7,0.975,0.0878609
7,0.98,0.0916857
7,0.985,0.0953926
7,0.99,0.098977
7,0.995,0.102434
7,1,0.10576
7,1.005,0.10895
7,1.01,0.111999
7,1.015,0.114905
7,1.02,0.117664
7,1.025,0.120271
7,1.03,0.122725
7,1.035,0.12502
7,1.04,0.127156
7,1.045,0.129128
7,1.05,0.130935
7,1.055,0.132574
7,1.06,0.134044
7,1.065,0.135341
7,1.07,0.136466
7,1.075,0.137415
7,1.08,0.138189
7,1.085,0.138787
7,1.09,0.139206
7,1.095,0.139448
7,1.1,0.139512
7,1.105,0.139398
7,1.11,0.139105
7,1.115,0.138636
7,1.12,0.137989
7,1.125,0.137167
7,1.13,0.13617
7,1.135,0.134999
7,1.14,0.133657
7,1.145,0.132145
7,1.15,0.130465
7,1.155,0.12862
7,1.16,0.126611
7,1.165,0.124442
7,1.17,0.122114
7,1.175,0.119633
7,1.18,0.117
7,1.185,0.114219
7,1.19,0.111294
7,1.195,0.108228
7,1.2,0.105026
7,1.205,0.101692
7,1.21,0.0982293
7,1.215,0.0946435
7,1.22,0.0909389
7,1.225,0.0871203
7,1.23,0.0831925
7,1.235,0.0791606
7,1.24,0.0750298
7,1.245,0.0708054
7,1.25,0.0664928
7,1.255,0.0620974
7,1.26,0.0576248
7,1.265,0.0530808
7,1.27,0.048471
7,1.275,0.0438012
7,1.28,0.0390774
7,1.285,0.0343054
7,1.29,0.0294912
7,1.295,0.0246408
7,1.3,0.0197602
7,1.305,0.0148555
7,1.31,0.00993259
7,1.315,0.00499762
7,1.32,5.65682e-05
7,1.325,-0.00488455
7,1.33,-0.00981976
7,1.335,-0.0147431
7,1.34,-0.0196488
7,1.345,-0.0245308
7,1.35,-0.0293836
7,1.355,-0.0342013
7,1.36,-0.0389783
7,1.365,-0.0437092
7,1.37,-0.0483885
7,1.375,-0.0530108
7,1.38,-0.0575709
7,1.385,-0.0620638
7,1.39,-0.0664844
7,1.395,-0.070828
7,1.4,-0.0750897
7,1.405,-0.0792652
7,1.41,-0.0833499
7,1.415,-0.0873397
7,1.42,-0.0912304
7,1.425,-0.0950182
7,1.43,-0.0986994
7,1.435,-0.10227
7,1.44,-0.105728
7,1.445,-0.109068
7,1.45,-0.112289
7,1.455,-0.115388
7,1.46,-0.118361
7,1.465,-0.121207
7,1.47,-0.123924
7,1.475,-0.126508
7,1.48,-0.12896
7,1.485,-0.131277
7,1.49,-0.133457
7,1.495,-0.135501
7,1.5,-0.137406
7,1.505,-0.139172
7,1.51,-0.140799
7,1.515,-0.142287
7,1.52,-0.143635
7,1.525,-0.144844
7,1.53,-0.145913
7,1.535,-0.146844
7,1.54,-0.147637
7,1.545,-0.148294
7,1.55,-0.148815
7,1.555,-0.149202
7,1.56,-0.149456
7,1.565,-0.149579
7,1.57,-0.149574
7,1.575,-0.149441
7,1.58,-0.149184
7,1.585,-0.148804
7,1.59,-0.148305
7,1.595,-0.147689
7,1.6,-0.146959
7,1.605,-0.146117
7,1.61,-0.145167
7,1.615,-0.144113
7,1.62,-0.142957
7,1.625,-0.141703
7,1.63,-0.140355
7,1.635,-0.138916
7,1.64,-0.13739
7,1.645,-0.13578
7,1.65,-0.134091
7,1.655,-0.132326
7,1.66,-0.13049
7,1.665,-0.128586
7,1.67,-0.126618
7,1.675,-0.124591
7,1.68,-0.122508
7,1.685,-0.120374
7,1.69,-0.118193
7,1.695,-0.115968
7,1.7,-0.113704
7,1.705,-0.111404
7,1.71,-0.109073
7,1.715,-0.106715
7,1.72,-0.104333
7,1.725,-0.101932
7,1.73,-0.0995148
7,1.735,-0.0970853
7,1.74,-0.0946472
7,1.745,-0.092204
7,1.75,-0.0897593
7,1.755,-0.0873163
7,1.76,-0.0848784
7,1.765,-0.0824487
7,1.77,-0.0800302
7,1.775,-0.077626
7,1.78,-0.0752389
7,1.785,-0.0728715
7,1.79,-0.0705266
7,1.795,-0.0682065
7,1.8,-0.0659137
7,1.805,-0.0636503
7,1.81,-0.0614185
7,1.815,-0.0592202
7,1.82,-0.0570574
7,1.825,-0.0549317
7,1.83,-0.0528446
7,1.835,-0.0507978
7,1.84,-0.0487924
7,1.845,-0.0468297
7,1.85,-0.0449109
7,1.855,-0.0430367
7,1.86,-0.0412081
7,1.865,-0.0394258
7,1.87,-0.0376904
7,1.875,-0.0360023
7,1.88,-0.034362
7,1.885,-0.0327696
7,1.89,-0.0312253
7,1.895,-0.0297292
7,1.9,-0.0282812
7,1.905,-0.0268812
7,1.91,-0.025529
7,1.915,-0.0242241
7,1.92,-0.0229664
7,1.925,-0.0217551
7,1.93,-0.0205899
7,1.935,-0.0194701
7,1.94,-0.018395
7,1.945,-0.0173638
7,1.95,-0.0163759
7,1.955,-0.0154302
7,1.96,-0.014526
7,1.965,-0.0136623
7,1.97,-0.0128381
7,1.975,-0.0120525
7,1.98,-0.0113044
7,1.985,-0.0105928
7,1.99,-0.00991656
7,1.995,-0.00927462
7,2,-0.00866589
7,2.005,-0.00808927
7,2.01,-0.00754363
7,2.015,-0.00702787
7,2.02,-0.00654087
7,2.025,-0.00608152
7,2.03,-0.00564873
7,2.035,-0.00524141
7,2.04,-0.00485847
7,2.045,-0.00449886
7,2.05,-0.00416152
7,2.055,-0.00384544
7,2.06,-0.0035496
7,2.065,-0.00327303
7,2.07,-0.00301475
7,2.075,-0.00277384
7,2.08,-0.00254939
7,2.085,-0.00234052
7,2.09,-0.00214637
7,2.095,-0.00196611
7,2.1,-0.00179895
7,2.105,-0.00164412
7,2.11,-0.00150088
7,2.115,-0.00136853
7,2.12,-0.00124638
7,2.125,-0.00113378
7,2.13,-0.00103012
7,2.135,-0.000934804
7,2.14,-0.000847265
7,2.145,-0.00076697
7,2.15,-0.000693411
7,2.155,-0.000626107
7,2.16,-0.000564603
7,2.165,-0.000508469
7,2.17,-0.0004573
7,2.175,-0.000410715
7,2.18,-0.000368354
7,2.185,-0.000329882
7,2.19,-0.000294984
7,2.195,-0.000263363
7,2.2,-0.000234745
7,2.205,-0.000208871
7,2.21,-0.000185501
7,2.215,-0.000164413
7,2.22,-0.000145397
7,2.225,-0.000128261
7,2.23,-0.000112823
7,2.235,-9.89182e-05
7,2.24,-8.63897e-05
7,2.245,-7.50931e-05
7,2.25,-6.4894e-05
7,2.255,-5.56663e-05
7,2.26,-4.72924e-05
7,2.265,-3.96615e-05
7,2.27,-3.26688e-05
7,2.275,-2.62145e-05
7,2.28,-2.02025e-05
7,2.285,-1.45396e-05
7,2.29,-9.134e-06
7,2.295,-3.89379e-06
7,2.3,1.27422e-06
7,2.305,6.46641e-06
7,2.31,1.17842e-05
7,2.315,1.73363e-05
7,2.32,2.3241e-05
7,2.325,2.96294e-05
7,2.33,3.6649e-05
7,2.335,4.4467e-05
7,2.34,5.32762e-05
7,2.345,6.33002e-05
7,2.35,7.48004e-05
7,2.355,8.80849e-05
7,2.36,0.000103518
7,2.365,0.000121534
7,2.37,0.000142649
7,2.375,0.000167485
7,2.38,0.000196787
7,2.385,0.000231454
7,2.39,0.000272571
7,2.395,0.000321452
7,2.4,0.000379693
7,2.405,0.000449232
7,2.41,0.000532434
7,2.415,0.000632184
7,2.42,0.000752011
7,2.425,0.00089624
7,2.43,0.00107019
7,2.435,0.00128038
7,2.44,0.00153489
7,2.445,0.00184365
7,2.45,0.00221899
7,2.455,0.00267618
7,2.46,0.00323418
7,2.465,0.00391662
7,2.47,0.00475294
7,2.475,0.00577998
7,2.48,0.00704383
7,2.485,0.00860236
7,2.49,0.0105283
7,2.495,0.0129134
7,2.5,0.0158735
7,2.505,0.0195549
7,2.51,0.0241436
7,2.515,0.0298757
7,2.52,0.0370519
7,2.525,0.046056
7,2.53,0.057379
7,2.535,0.0716503
7,2.54,0.0896786
7,2.545,0.112505
7,2.55,0.141475
7,2.555,0.178325
7,2.56,0.225311
7,2.565,0.285362
7,2.57,0.362294
7,2.575,0.46109
7,2.58,0.588271
7,2.585,0.752391
7,2.59,0.964701
7,2.595,1.24003
7,2.6,1.59798
7,2.605,2.06451
7,2.61,2.6741
7,2.615,3.47265
7,2.62,4.52143
7,2.625,5.90241
7,2.63,7.72558
7,2.635,10.1389
8,0,1
8,0.005,1
8,0.01,0.998417
8,0.015,0.995254
8,0.02,0.990515
8,0.025,0.984208
8,0.03,0.976343
8,0.035,0.966932
8,0.04,0.955991
8,0.045,0.943537
8,0.05,0.929589
8,0.055,0.914169
8,0.06,0.897303
8,0.065,0.879016
8,0.07,0.859337
8,0.075,0.838298
8,0.08,0.815933
8,0.085,0.792275
8,0.09,0.767364
8,0.095,0.741237
8,0.1,0.713938
8,0.105,0.685508
8,0.11,0.655993
8,0.115,0.625439
8,0.12,0.593896
8,0.125,0.561412
8,0.13,0.52804
8,0.135,0.493832
8,0.14,0.458842
8,0.145,0.423125
8,0.15,0.386739
8,0.155,0.349741
8,0.16,0.312189
8,0.165,0.274143
8,0.17,0.235663
8,0.175,0.19681
8,0.18,0.157645
8,0.185,0.118231
8,0.19,0.0786297
8,0.195,0.0389039
8,0.2,-0.000883534
8,0.205,-0.0406696
8,0.21,-0.0803912
8,0.215,-0.119986
8,0.22,-0.15939
8,0.225,-0.198542
8,0.23,-0.23738
8,0.235,-0.275842
8,0.24,-0.313868
8,0.245,-0.351396
8,0.25,-0.388368
8,0.255,-0.424726
8,0.26,-0.460411
8,0.265,-0.495368
8,0.27,-0.52954
8,0.275,-0.562874
8,0.28,-0.595317
8,0.285,-0.626817
8,0.29,-0.657326
8,0.295,-0.686793
8,0.3,-0.715174
8,0.305,-0.742422
8,0.31,-0.768496
8,0.315,-0.793352
8,0.32,-0.816953
8,0.325,-0.839261
8,0.33,-0.86024
8,0.335,-0.879858
8,0.34,-0.898082
8,0.345,-0.914885
8,0.35,-0.93024
8,0.355,-0.944122
8,0.36,-0.956509
8,0.365,-0.967383
8,0.37,-0.976725
8,0.375,-0.984521
8,0.38,-0.990758
8,0.385,-0.995427
8,0.39,-0.998521
8,0.395,-1.00003
8,0.4,-0.999963
8,0.405,-0.99831
8,0.41,-0.995077
8,0.415,-0.990268
8,0.42,-0.983892
8,0.425,-0.975958
8,0.43,-0.966479
8,0.435,-0.95547
8,0.44,-0.942949
8,0.445,-0.928935
8,0.45,-0.913451
8,0.455,-0.896521
8,0.46,-0.878171
8,0.465,-0.858432
8,0.47,-0.837333
8,0.475,-0.814909
8,0.48,-0.791196
8,0.485,-0.766229
8,0.49,-0.74005
8,0.495,-0.712699
8,0.5,-0.68422
8,0.505,-0.654658
8,0.51,-0.62406
8,0.515,-0.592473
8,0.52,-0.559949
8,0.525,-0.526539
8,0.53,-0.492295
8,0.535,-0.457271
8,0.54,-0.421524
8,0.545,-0.38511
8,0.55,-0.348086
8,0.555,-0.310511
8,0.56,-0.272444
8,0.565,-0.233946
8,0.57,-0.195078
8,0.575,-0.155901
8,0.58,-0.116477
8,0.585,-0.0768692
8,0.59,-0.0371394
8,0.595,0.00264927
8,0.6,0.0424337
8,0.605,0.082151
8,0.61,0.121738
8,0.615,0.161133
8,0.62,0.200272
8,0.625,0.239095
8,0.63,0.277539
8,0.635,0.315543
8,0.64,0.353048
8,0.645,0.389995
8,0.65,0.426324
8,0.655,0.461978
8,0.66,0.496901
8,0.665,0.531037
8,0.67,0.564333
8,0.675,0.596735
8,0.68,0.628193
8,0.685,0.658656
8,0.69,0.688077
8,0.695,0.716409
8,0.7,0.743607
8,0.705,0.769628
8,0.71,0.79443
8,0.715,0.817975
8,0.72,0.840226
8,0.725,0.861146
8,0.73,0.880704
8,0.735,0.898867
8,0.74,0.915608
8,0.745,0.9309
8,0.75,0.944718
8,0.755,0.957041
8,0.76,0.96785
8,0.765,0.977126
8,0.77,0.984856
8,0.775,0.991028
8,0.78,0.995631
8,0.785,0.998658
8,0.79,1.0001
8,0.795,0.999969
8,0.8,0.998251
8,0.805,0.994953
8,0.81,0.99008
8,0.815,0.983641
8,0.82,0.975646
8,0.825,0.966106
8,0.83,0.955038
8,0.835,0.942459
8,0.84,0.928388
8,0.845,0.912849
8,0.85,0.895865
8,0.855,0.877465
8,0.86,0.857676
8,0.865,0.83653
8,0.87,0.814061
8,0.875,0.790304
8,0.88,0.765297
8,0.885,0.73908
8,0.89,0.711694
8,0.895,0.683182
8,0.9,0.65359
8,0.905,0.622965
8,0.91,0.591354
8,0.915,0.558808
8,0.92,0.525379
8,0.925,0.491119
8,0.93,0.456083
8,0.935,0.420326
8,0.94,0.383904
8,0.945,0.346876
8,0.95,0.3093
8,0.955,0.271235
8,0.96,0.232741
8,0.965,0.19388
8,0.97,0.154712
8,0.975,0.1153
8,0.98,0.0757061
8,0.985,0.0359925
8,0.99,-0.00377796
8,0.995,-0.0435424
8,1,-0.0832382
8,1.005,-0.122803
8,1.01,-0.162173
8,1.015,-0.201288
8,1.02,-0.240085
8,1.025,-0.278504
8,1.03,-0.316483
8,1.035,-0.353963
8,1.04,-0.390886
8,1.045,-0.427192
8,1.05,-0.462826
8,1.055,-0.49773
8,1.06,-0.531851
8,1.065,-0.565134
8,1.07,-0.597527
8,1.075,-0.628981
8,1.08,-0.659444
8,1.085,-0.688871
8,1.09,-0.717215
8,1.095,-0.744431
8,1.1,-0.770478
8,1.105,-0.795315
8,1.11,-0.818903
8,1.115,-0.841206
8,1.12,-0.862189
8,1.125,-0.88182
8,1.13,-0.900069
8,1.135,-0.916908
8,1.14,-0.932311
8,1.145,-0.946255
8,1.15,-0.958718
8,1.155,-0.969682
8,1.16,-0.979131
8,1.165,-0.98705
8,1.17,-0.993429
8,1.175,-0.998258
8,1.18,-1.00153
8,1.185,-1.00324
8,1.19,-1.00339
8,1.195,-1.00198
8,1.2,-0.999016
8,1.205,-0.994497
8,1.21,-0.988434
8,1.215,-0.980838
8,1.22,-0.971722
8,1.225,-0.961103
8,1.23,-0.948997
8,1.235,-0.935425
8,1.24,-0.920409
8,1.245,-0.903974
8,1.25,-0.886147
8,1.255,-0.866957
8,1.26,-0.846435
8,1.265,-0.824614
8,1.27,-0.801529
8,1.275,-0.777218
8,1.28,-0.751718
8,1.285,-0.725072
8,1.29,-0.69732
8,1.295,-0.668507
8,1.3,-0.638679
8,1.305,-0.607882
8,1.31,-0.576165
8,1.315,-0.543577
8,1.32,-0.510169
8,1.325,-0.475993
8,1.33,-0.441101
8,1.335,-0.405548
8,1.34,-0.369388
8,1.345,-0.332677
8,1.35,-0.29547
8,1.355,-0.257824
8,1.36,-0.219796
8,1.365,-0.181442
8,1.37,-0.142821
8,1.375,-0.103991
8,1.38,-0.0650071
8,1.385,-0.0259287
8,1.39,0.0131876
8,1.395,0.0522847
8,1.4,0.091306
8,1.405,0.130196
8,1.41,0.168898
8,1.415,0.207358
8,1.42,0.245522
8,1.425,0.283337
8,1.43,0.320751
8,1.435,0.357713
8,1.44,0.394172
8,1.445,0.43008
8,1.45,0.465389
8,1.455,0.500055
8,1.46,0.534031
8,1.465,0.567276
8,1.47,0.599748
8,1.475,0.631406
8,1.48,0.662214
8,1.485,0.692135
8,1.49,0.721135
8,1.495,0.749182
8,1.5,0.776244
8,1.505,0.802294
8,1.51,0.827306
8,1.515,0.851254
8,1.52,0.874118
8,1.525,0.895875
8,1.53,0.91651
8,1.535,0.936006
8,1.54,0.954349
8,1.545,0.971527
8,1.55,0.987533
8,1.555,1.00236
8,1.56,1.016
8,1.565,1.02845
8,1.57,1.03971
8,1.575,1.04978
8,1.58,1.05867
8,1.585,1.06638
8,1.59,1.07292
8,1.595,1.0783
8,1.6,1.08253
8,1.605,1.08562
8,1.61,1.08759
8,1.615,1.08846
8,1.62,1.08823
8,1.625,1.08695
8,1.63,1.08462
8,1.635,1.08126
8,1.64,1.07692
8,1.645,1.0716
8,1.65,1.06534
8,1.655,1.05817
8,1.66,1.05011
8,1.665,1.0412
8,1.67,1.03147
8,1.675,1.02095
8,1.68,1.00968
8,1.685,0.997683
8,1.69,0.985002
8,1.695,0.971671
8,1.7,0.957725
8,1.705,0.9432
8,1.71,0.928134
8,1.715,0.912561
8,1.72,0.896519
8,1.725,0.880045
8,1.73,0.863174
8,1.735,0.845944
8,1.74,0.828391
8,1.745,0.81055
8,1.75,0.792457
8,1.755,0.774147
8,1.76,0.755654
8,1.765,0.737013
8,1.77,0.718255
8,1.775,0.699414
8,1.78,0.680522
8,1.785,0.661608
8,1.79,0.642704
8,1.795,0.623837
8,1.8,0.605036
8,1.805,0.586328
8,1.81,0.567739
8,1.815,0.549292
8,1.82,0.531013
8,1.825,0.512923
8,1.83,0.495044
8,1.835,0.477396
8,1.84,0.459997
8,1.845,0.442866
8,1.85,0.426019
8,1.855,0.409471
8,1.86,0.393236
8,1.865,0.377328
8,1.87,0.361757
8,1.875,0.346534
8,1.88,0.331668
8,1.885,0.317169
8,1.89,0.303041
8,1.895,0.289293
8,1.9,0.275927
8,1.905,0.262949
8,1.91,0.250361
8,1.915,0.238164
8,1.92,0.226359
8,1.925,0.214947
8,1.93,0.203926
8,1.935,0.193295
8,1.94,0.183051
8,1.945,0.173191
8,1.95,0.163711
8,1.955,0.154605
8,1.96,0.14587
8,1.965,0.137498
8,1.97,0.129484
8,1.975,0.12182
8,1.98,0.1145
8,1.985,0.107516
8,1.99,0.100859
8,1.995,0.0945218
8,2,0.088495
8,2.005,0.0827701
8,2.01,0.0773379
8,2.015,0.0721893
8,2.02,0.0673149
8,2.025,0.0627053
8,2.03,0.0583511
8,2.035,0.0542428
8,2.04,0.050371
8,2.045,0.0467262
8,2.05,0.0432991
8,2.055,0.0400803
8,2.06,0.0370608
8,2.065,0.0342315
8,2.07,0.0315836
8,2.075,0.0291083
8,2.08,0.0267972
8,2.085,0.0246419
8,2.09,0.0226343
8,2.095,0.0207667
8,2.1,0.0190313
8,2.105,0.0174207
8,2.11,0.0159279
8,2.115,0.0145458
8,2.12,0.013268
8,2.125,0.012088
8,2.13,0.0109997
8,2.135,0.0099972
8,2.14,0.00907499
8,2.145,0.0082277
8,2.15,0.00745025
8,2.155,0.00673782
8,2.16,0.00608582
8,2.165,0.00548992
8,2.17,0.00494602
8,2.175,0.00445023
8,2.18,0.00399892
8,2.185,0.00358864
8,2.19,0.00321619
8,2.195,0.00287853
8,2.2,0.00257283
8,2.205,0.00229647
8,2.21,0.00204696
8,2.215,0.00182202
8,2.22,0.00161952
8,2.225,0.00143747
8,2.23,0.00127404
8,2.235,0.00112754
8,2.24,0.000996404
8,2.245,0.000879182
8,2.25,0.00077455
8,2.255,0.000681285
8,2.26,0.00059827
8,2.265,0.000524478
8,2.27,0.000458971
8,2.275,0.000400892
8,2.28,0.000349462
8,2.285,0.000303967
8,2.29,0.00026376
8,2.295,0.000228254
8,2.3,0.000196912
8,2.305,0.000169249
8,2.31,0.000144825
8,2.315,0.000123236
8,2.32,0.000104119
8,2.325,8.71376e-05
8,2.33,7.19868e-05
8,2.335,5.83834e-05
8,2.34,4.60642e-05
8,2.345,3.47818e-05
8,2.35,2.43003e-05
8,2.355,1.43913e-05
8,2.36,4.82915e-06
8,2.365,-4.61395e-06
8,2.37,-1.41734e-05
8,2.375,-2.40983e-05
8,2.38,-3.46588e-05
8,2.385,-4.61539e-05
8,2.39,-5.89216e-05
8,2.395,-7.33505e-05
8,2.4,-8.98935e-05
8,2.405,-0.000109085
8,2.41,-0.000131562
8,2.415,-0.00015809
8,2.42,-0.000189591
8,2.425,-0.000227189
8,2.43,-0.000272253
8,2.435,-0.00032646
8,2.44,-0.000391868
8,2.445,-0.000471013
8,2.45,-0.000567029
8,2.455,-0.000683793
8,2.46,-0.000826115
8,2.465,-0.000999979
8,2.47,-0.00121284
8,2.475,-0.00147401
8,2.48,-0.00179514
8,2.485,-0.00219084
8,2.49,-0.00267948
8,2.495,-0.00328418
8,2.5,-0.00403413
8,2.505,-0.00496624
8,2.51,-0.0061273
8,2.515,-0.00757673
8,2.52,-0.00939017
8,2.525,-0.0116641
8,2.53,-0.0145219
8,2.535,-0.0181216
8,2.54,-0.0226662
8,2.545,-0.0284169
8,2.55,-0.0357108
8,2.555,-0.0449836
8,2.56,-0.0567998
8,2.565,-0.071893
8,2.57,-0.0912181
8,2.575,-0.116021
8,2.58,-0.147933
8,2.585,-0.18909
8,2.59,-0.242302
8,2.595,-0.311272
8,2.6,-0.40089
8,2.605,-0.517629
8,2.61,-0.670086
8,2.615,-0.869696
8,2.62,-1.13172
8,2.625,-1.47656
8,2.63,-1.93158
8,2.635,-2.53358
8,2.64,-3.33213
8,2.645,-4.39426
8,2.65,-5.81075
8,2.655,-7.70496
8,2.66,-10.2449
9,0,-0.005
9,0.005,0
9,0.01,0.005
9,0.015,0.00999045
9,0.02,0.0149618
9,0.025,0.0199047
9,0.03,0.0248095
9,0.035,0.0296669
9,0.04,0.0344678
9,0.045,0.0392028
9,0.05,0.043863
9,0.055,0.0484394
9,0.06,0.0529234
9,0.065,0.0573064
9,0.07,0.0615799
9,0.075,0.0657359
9,0.08,0.0697665
9,0.085,0.0736638
9,0.09,0.0774205
9,0.095,0.0810294
9,0.1,0.0844836
9,0.105,0.0877766
9,0.11,0.0909019
9,0.115,0.0938538
9,0.12,0.0966264
9,0.125,0.0992147
9,0.13,0.101613
9,0.135,0.103818
9,0.14,0.105825
9,0.145,0.10763
9,0.15,0.109229
9,0.155,0.110619
9,0.16,0.111799
9,0.165,0.112765
9,0.17,0.113516
9,0.175,0.11405
9,0.18,0.114366
9,0.185,0.114464
9,0.19,0.114344
9,0.195,0.114005
9,0.2,0.113449
9,0.205,0.112676
9,0.21,0.111688
9,0.215,0.110486
9,0.22,0.109074
9,0.225,0.107454
9,0.23,0.105628
9,0.235,0.103601
9,0.24,0.101376
9,0.245,0.0989574
9,0.25,0.09635
9,0.255,0.0935587
9,0.26,0.0905887
9,0.265,0.0874459
9,0.27,0.084136
9,0.275,0.0806656
9,0.28,0.0770412
9,0.285,0.0732697
9,0.29,0.0693584
9,0.295,0.0653146
9,0.3,0.0611462
9,0.305,0.056861
9,0.31,0.0524673
9,0.315,0.0479734
9,0.32,0.0433879
9,0.325,0.0387196
9,0.33,0.0339774
9,0.335,0.0291703
9,0.34,0.0243076
9,0.345,0.0193984
9,0.35,0.0144522
9,0.355,0.00947846
9,0.36,0.00448658
9,0.365,-0.000513859
9,0.37,-0.00551332
9,0.375,-0.0105023
9,0.38,-0.0154711
9,0.385,-0.0204105
9,0.39,-0.0253109
9,0.395,-0.0301629
9,0.4,-0.0349574
9,0.405,-0.0396852
9,0.41,-0.0443372
9,0.415,-0.0489045
9,0.42,-0.0533785
9,0.425,-0.0577506
9,0.43,-0.0620125
9,0.435,-0.066156
9,0.44,-0.0701731
9,0.445,-0.0740563
9,0.45,-0.0777982
9,0.455,-0.0813915
9,0.46,-0.0848295
9,0.465,-0.0881055
9,0.47,-0.0912133
9,0.475,-0.094147
9,0.48,-0.096901
9,0.485,-0.0994699
9,0.49,-0.101849
9,0.495,-0.104034
9,0.5,-0.10602
9,0.505,-0.107803
9,0.51,-0.109381
9,0.515,-0.11075
9,0.52,-0.111908
9,0.525,-0.112852
9,0.53,-0.113581
9,0.535,-0.114092
9,0.54,-0.114386
9,0.545,-0.114462
9,0.55,-0.114319
9,0.555,-0.113958
9,0.56,-0.113379
9,0.565,-0.112584
9,0.57,-0.111574
9,0.575,-0.110351
9,0.58,-0.108917
9,0.585,-0.107276
9,0.59,-0.105429
9,0.595,-0.103382
9,0.6,-0.101137
9,0.605,-0.0986984
9,0.61,-0.0960719
9,0.615,-0.093262
9,0.62,-0.0902741
9,0.625,-0.0871138
9,0.63,-0.0837873
9,0.635,-0.0803008
9,0.64,-0.076661
9,0.645,-0.0728748
9,0.65,-0.0689496
9,0.655,-0.0648927
9,0.66,-0.0607119
9,0.665,-0.0564153
9,0.67,-0.052011
9,0.675,-0.0475073
9,0.68,-0.042913
9,0.685,-0.0382368
9,0.69,-0.0334876
9,0.695,-0.0286744
9,0.7,-0.0238066
9,0.705,-0.0188932
9,0.71,-0.0139439
9,0.715,-0.00896786
9,0.72,-0.00397474
9,0.725,0.00102596
9,0.73,0.00602471
9,0.735,0.011012
9,0.74,0.0159782
9,0.745,0.0209139
9,0.75,0.0258097
9,0.755,0.0306563
9,0.76,0.0354443
9,0.765,0.0401647
9,0.77,0.0448084
9,0.775,0.0493666
9,0.78,0.0538306
9,0.785,0.0581918
9,0.79,0.062442
9,0.795,0.066573
9,0.8,0.0705769
9,0.805,0.0744461
9,0.81,0.0781733
9,0.815,0.0817513
9,0.82,0.0851732
9,0.825,0.0884327
9,0.83,0.0915233
9,0.835,0.0944393
9,0.84,0.0971751
9,0.845,0.0997255
9,0.85,0.102086
9,0.855,0.104251
9,0.86,0.106217
9,0.865,0.107981
9,0.87,0.109539
9,0.875,0.110887
9,0.88,0.112025
9,0.885,0.112948
9,0.89,0.113656
9,0.895,0.114147
9,0.9,0.114421
9,0.905,0.114476
9,0.91,0.114313
9,0.915,0.113932
9,0.92,0.113333
9,0.925,0.112519
9,0.93,0.11149
9,0.935,0.110248
9,0.94,0.108796
9,0.945,0.107137
9,0.95,0.105274
9,0.955,0.10321
9,0.96,0.100949
9,0.965,0.0984955
9,0.97,0.0958545
9,0.975,0.0930309
9,0.98,0.09003
9,0.985,0.0868576
9,0.99,0.0835198
9,0.995,0.0800229
9,1,0.0763736
9,1.005,0.0725788
9,1.01,0.0686459
9,1.015,0.0645822
9,1.02,0.0603957
9,1.025,0.0560942
9,1.03,0.0516859
9,1.035,0.0471793
9,1.04,0.042583
9,1.045,0.0379057
9,1.05,0.0331563
9,1.055,0.0283438
9,1.06,0.0234775
9,1.065,0.0185666
9,1.07,0.0136204
9,1.075,0.00864828
9,1.08,0.00365977
9,1.085,-0.00133569
9,1.09,-0.00632862
9,1.095,-0.0113095
9,1.1,-0.016269
9,1.105,-0.0211976
9,1.11,-0.026086
9,1.115,-0.030925
9,1.12,-0.0357054
9,1.125,-0.0404181
9,1.13,-0.0450543
9,1.135,-0.0496052
9,1.14,-0.0540623
9,1.145,-0.0584172
9,1.15,-0.0626616
9,1.155,-0.0667875
9,1.16,-0.0707874
9,1.165,-0.0746536
9,1.17,-0.0783789
9,1.175,-0.0819564
9,1.18,-0.0853795
9,1.185,-0.0886417
9,1.19,-0.091737
9,1.195,-0.0946596
9,1.2,-0.0974043
9,1.205,-0.0999659
9,1.21,-0.10234
9,1.215,-0.104522
9,1.22,-0.106507
9,1.225,-0.108294
9,1.23,-0.109877
9,1.235,-0.111255
9,1.24,-0.112425
9,1.245,-0.113385
9,1.25,-0.114133
9,1.255,-0.114668
9,1.26,-0.11499
9,1.265,-0.115098
9,1.27,-0.114992
9,1.275,-0.114673
9,1.28,-0.114141
9,1.285,-0.113398
9,1.29,-0.112444
9,1.295,-0.111283
9,1.3,-0.109917
9,1.305,-0.108348
9,1.31,-0.10658
9,1.315,-0.104616
9,1.32,-0.10246
9,1.325,-0.100116
9,1.33,-0.0975896
9,1.335,-0.0948847
9,1.34,-0.0920068
9,1.345,-0.0889617
9,1.35,-0.0857549
9,1.355,-0.0823928
9,1.36,-0.0788817
9,1.365,-0.0752282
9,1.37,-0.0714393
9,1.375,-0.067522
9,1.38,-0.0634836
9,1.385,-0.0593318
9,1.39,-0.0550741
9,1.395,-0.0507184
9,1.4,-0.0462727
9,1.405,-0.0417452
9,1.41,-0.037144
9,1.415,-0.0324774
9,1.42,-0.0277539
9,1.425,-0.0229819
9,1.43,-0.0181699
9,1.435,-0.0133262
9,1.44,-0.00845958
9,1.445,-0.00357833
9,1.45,0.00130906
9,1.455,0.00619422
9,1.46,0.0110688
9,1.465,0.0159246
9,1.47,0.0207536
9,1.475,0.0255476
9,1.48,0.0302989
9,1.485,0.0349997
9,1.49,0.0396426
9,1.495,0.0442201
9,1.5,0.0487251
9,1.505,0.0531506
9,1.51,0.0574901
9,1.515,0.0617369
9,1.52,0.0658849
9,1.525,0.0699281
9,1.53,0.0738608
9,1.535,0.0776777
9,1.54,0.0813735
9,1.545,0.0849436
9,1.55,0.0883834
9,1.555,0.0916887
9,1.56,0.0948557
9,1.565,0.0978807
9,1.57,0.100761
9,1.575,0.103493
9,1.58,0.106074
9,1.585,0.108503
9,1.59,0.110778
9,1.595,0.112896
9,1.6,0.114857
9,1.605,0.11666
9,1.61,0.118305
9,1.615,0.11979
9,1.62,0.121117
9,1.625,0.122286
9,1.63,0.123298
9,1.635,0.124154
9,1.64,0.124854
9,1.645,0.125402
9,1.65,0.125798
9,1.655,0.126046
9,1.66,0.126147
9,1.665,0.126104
9,1.67,0.125921
9,1.675,0.125601
9,1.68,0.125147
9,1.685,0.124563
9,1.69,0.123852
9,1.695,0.123019
9,1.7,0.122069
9,1.705,0.121005
9,1.71,0.119831
9,1.715,0.118554
9,1.72,0.117177
9,1.725,0.115705
9,1.73,0.114143
9,1.735,0.112497
9,1.74,0.110771
9,1.745,0.10897
9,1.75,0.1071
9,1.755,0.105165
9,1.76,0.103172
9,1.765,0.101124
9,1.77,0.0990282
9,1.775,0.0968881
9,1.78,0.0947093
9,1.785,0.0924967
9,1.79,0.0902552
9,1.795,0.0879896
9,1.8,0.0857046
9,1.805,0.0834047
9,1.81,0.0810946
9,1.815,0.0787785
9,1.82,0.0764606
9,1.825,0.0741451
9,1.83,0.0718359
9,1.835,0.0695368
9,1.84,0.0672514
9,1.845,0.0649831
9,1.85,0.0627353
9,1.855,0.0605111
9,1.86,0.0583135
9,1.865,0.0561452
9,1.87,0.0540089
9,1.875,0.051907
9,1.88,0.0498416
9,1.885,0.047815
9,1.89,0.0458289
9,1.895,0.0438851
9,1.9,0.0419852
9,1.905,0.0401305
9,1.91,0.0383222
9,1.915,0.0365613
9,1.92,0.0348488
9,1.925,0.0331853
9,1.93,0.0315714
9,1.935,0.0300075
9,1.94,0.028494
9,1.945,0.0270309
9,1.95,0.0256182
9,1.955,0.0242559
9,1.96,0.0229438
9,1.965,0.0216813
9,1.97,0.0204682
9,1.975,0.0193038
9,1.98,0.0181876
9,1.985,0.0171188
9,1.99,0.0160965
9,1.995,0.01512
9,2,0.0141882
9,2.005,0.0133002
9,2.01,0.0124549
9,2.015,0.0116512
9,2.02,0.0108879
9,2.025,0.010164
9,2.03,0.00947808
9,2.035,0.00882905
9,2.04,0.00821564
9,2.045,0.00763657
9,2.05,0.00709059
9,2.055,0.00657642
9,2.06,0.0060928
9,2.065,0.00563847
9,2.07,0.00521216
9,2.075,0.00481266
9,2.08,0.00443872
9,2.085,0.00408915
9,2.09,0.00376277
9,2.095,0.00345841
9,2.1,0.00317495
9,2.105,0.00291129
9,2.11,0.00266634
9,2.115,0.00243908
9,2.12,0.0022285
9,2.125,0.00203361
9,2.13,0.00185349
9,2.135,0.00168723
9,2.14,0.00153397
9,2.145,0.00139287
9,2.15,0.00126315
9,2.155,0.00114403
9,2.16,0.0010348
9,2.165,0.000934771
9,2.17,0.000843291
9,2.175,0.00075974
9,2.18,0.000683535
9,2.185,0.000614121
9,2.19,0.000550979
9,2.195,0.000493618
9,2.2,0.000441578
9,2.205,0.000394427
9,2.21,0.000351761
9,2.215,0.000313203
9,2.22,0.000278399
9,2.225,0.00024702
9,2.23,0.000218761
9,2.235,0.000193337
9,2.24,0.000170484
9,2.245,0.000149956
9,2.25,0.000131527
9,2.255,0.000114986
9,2.26,0.000100136
9,2.265,8.67981e-05
9,2.27,7.48028e-05
9,2.275,6.39939e-05
9,2.28,5.42252e-05
9,2.285,4.53599e-05
9,2.29,3.7269e-05
9,2.295,2.983e-05
9,2.3,2.29255e-05
9,2.305,1.6442e-05
9,2.31,1.02676e-05
9,2.315,4.291e-06
9,2.32,-1.60099e-06
9,2.325,-7.52531e-06
9,2.33,-1.36052e-05
9,2.335,-1.99732e-05
9,2.34,-2.67739e-05
9,2.345,-3.41686e-05
9,2.35,-4.23389e-05
9,2.355,-5.14929e-05
9,2.36,-6.18711e-05
9,2.365,-7.37543e-05
9,2.37,-8.74732e-05
9,2.375,-0.000103419
9,2.38,-0.000122059
9,2.385,-0.00014395
9,2.39,-0.000169764
9,2.395,-0.000200309
9,2.4,-0.000236561
9,2.405,-0.000279707
9,2.41,-0.000331185
9,2.415,-0.000392752
9,2.42,-0.000466548
9,2.425,-0.000555195
9,2.43,-0.000661905
9,2.435,-0.000790627
9,2.44,-0.000946219
9,2.445,-0.00113467
9,2.45,-0.0013634
9,2.455,-0.00164157
9,2.46,-0.00198056
9,2.465,-0.00239452
9,2.47,-0.00290109
9,2.475,-0.00352226
9,2.48,-0.00428556
9,2.485,-0.00522549
9,2.49,-0.00638539
9,2.495,-0.00781979
9,2.5,-0.00959749
9,2.505,-0.0118054
9,2.51,-0.0145538
9,2.515,-0.0179823
9,2.52,-0.0222689
9,2.525,-0.0276403
9,2.53,-0.0343863
9,2.535,-0.0428778
9,2.54,-0.0535911
9,2.545,-0.0671387
9,2.55,-0.0843102
9,2.555,-0.106126
9,2.56,-0.133908
9,2.565,-0.169372
9,2.57,-0.214751
9,2.575,-0.272956
9,2.58,-0.347796
9,2.585,-0.444259
9,2.59,-0.568901
9,2.595,-0.730355
9,2.6,-0.940017
9,2.605,-1.21297
9,2.61,-1.56922
9,2.615,-2.03539
9,2.62,-2.64696
9,2.625,-3.45136
9,2.63,-4.5122
9,2.635,-5.91488
9,2.64,-7.77453
9,2.645,-10.2466
10,0,1
10,0.005,1
10,0.01,0.997751
10,0.015,0.993258
10,0.02,0.98653
10,0.025,0.977584
10,0.03,0.966439
10,0.035,0.953121
10,0.04,0.937658
10,0.045,0.920087
10,0.05,0.900446
10,0.055,0.87878
10,0.06,0.855138
10,0.065,0.829572
10,0.07,0.802141
10,0.075,0.772905
10,0.08,0.74193
10,0.085,0.709288
10,0.09,0.675049
10,0.095,0.639293
10,0.1,0.602098
10,0.105,0.56355
10,0.11,0.523734
10,0.115,0.48274
10,0.12,0.44066
10,0.125,0.397589
10,0.13,0.353623
10,0.135,0.308863
10,0.14,0.263408
10,0.145,0.21736
10,0.15,0.170823
10,0.155,0.123902
10,0.16,0.0767029
10,0.165,0.0293309
10,0.17,-0.018107
10,0.175,-0.0655043
10,0.18,-0.112754
10,0.185,-0.159751
10,0.19,-0.206388
10,0.195,-0.25256
10,0.2,-0.298165
10,0.205,-0.343099
10,0.21,-0.387262
10,0.215,-0.430553
10,0.22,-0.472876
10,0.225,-0.514136
10,0.23,-0.554239
10,0.235,-0.593095
10,0.24,-0.630618
10,0.245,-0.666722
10,0.25,-0.701327
10,0.255,-0.734354
10,0.26,-0.765729
10,0.265,-0.795383
10,0.27,-0.823247
10,0.275,-0.84926
10,0.28,-0.873362
10,0.285,-0.8955
10,0.29,-0.915625
10,0.295,-0.933689
10,0.3,-0.949654
10,0.305,-0.963483
10,0.31,-0.975145
10,0.315,-0.984613
10,0.32,-0.991867
10,0.325,-0.99689
10,0.33,-0.999671
10,0.335,-1.0002
10,0.34,-0.998486
10,0.345,-0.994523
10,0.35,-0.988323
10,0.355,-0.979901
10,0.36,-0.969274
10,0.365,-0.956467
10,0.37,-0.941509
10,0.375,-0.924434
10,0.38,-0.905279
10,0.385,-0.884088
10,0.39,-0.860909
10,0.395,-0.835793
10,0.4,-0.808797
10,0.405,-0.779983
10,0.41,-0.749414
10,0.415,-0.717159
10,0.42,-0.683292
10,0.425,-0.647887
10,0.43,-0.611026
10,0.435,-0.57279
10,0.44,-0.533266
10,0.445,-0.492542
10,0.45,-0.450711
10,0.455,-0.407866
10,0.46,-0.364103
10,0.465,-0.319522
10,0.47,-0.274222
10,0.475,-0.228305
10,0.48,-0.181875
10,0.485,-0.135035
10,0.49,-0.0878921
10,0.495,-0.0405513
10,0.5,0.00688068
10,0.505,0.0542972
10,0.51,0.101592
10,0.515,0.148657
10,0.52,0.195389
10,0.525,0.241681
10,0.53,0.28743
10,0.535,0.332532
10,0.54,0.376886
10,0.545,0.420392
10,0.55,0.462953
10,0.555,0.504473
10,0.56,0.544858
10,0.565,0.584017
10,0.57,0.621863
10,0.575,0.658311
10,0.58,0.693277
10,0.585,0.726685
10,0.59,0.758458
10,0.595,0.788525
10,0.6,0.816818
10,0.605,0.843275
10,0.61,0.867835
10,0.615,0.890443
10,0.62,0.911048
10,0.625,0.929604
10,0.63,0.94607
10,0.635,0.960407
10,0.64,0.972585
10,0.645,0.982575
10,0.65,0.990355
10,0.655,0.995907
10,0.66,0.99922
10,0.665,1.00029
10,0.67,0.999101
10,0.675,0.99567
10,0.68,0.989999
10,0.685,0.982102
10,0.69,0.971996
10,0.695,0.959704
10,0.7,0.945253
10,0.705,0.928677
10,0.71,0.910012
10,0.715,0.8893
10,0.72,0.866588
10,0.725,0.841928
10,0.73,0.815374
10,0.735,0.786986
10,0.74,0.756828
10,0.745,0.724968
10,0.75,0.691478
10,0.755,0.656432
10,0.76,0.619911
10,0.765,0.581995
10,0.77,0.542771
10,0.775,0.502326
10,0.78,0.460751
10,0.785,0.41814
10,0.79,0.374589
10,0.795,0.330196
10,0.8,0.28506
10,0.805,0.239283
10,0.81,0.192968
10,0.815,0.146219
10,0.82,0.0991408
10,0.825,0.0518402
10,0.83,0.00442299
10,0.835,-0.0430042
10,0.84,-0.0903346
10,0.845,-0.137462
10,0.85,-0.18428
10,0.855,-0.230684
10,0.86,-0.27657
10,0.865,-0.321833
10,0.87,-0.366373
10,0.875,-0.41009
10,0.88,-0.452885
10,0.885,-0.494661
10,0.89,-0.535326
10,0.895,-0.574788
10,0.9,-0.612957
10,0.905,-0.649749
10,0.91,-0.685081
10,0.915,-0.718873
10,0.92,-0.75105
10,0.925,-0.781539
10,0.93,-0.810271
10,0.935,-0.837184
10,0.94,-0.862215
10,0.945,-0.885309
10,0.95,-0.906415
10,0.955,-0.925484
10,0.96,-0.942475
10,0.965,-0.957348
10,0.97,-0.970072
10,0.975,-0.980617
10,0.98,-0.988961
10,0.985,-0.995083
10,0.99,-0.998972
10,0.995,-1.00062
10,1,-1.00002
10,1.005,-0.997174
10,1.01,-0.992092
10,1.015,-0.984784
10,1.02,-0.975266
10,1.025,-0.96356
10,1.03,-0.949693
10,1.035,-0.933696
10,1.04,-0.915605
10,1.045,-0.895462
10,1.05,-0.873311
10,1.055,-0.849202
10,1.06,-0.823191
10,1.065,-0.795335
10,1.07,-0.765697
10,1.075,-0.734344
10,1.08,-0.701347
10,1.085,-0.66678
10,1.09,-0.63072
10,1.095,-0.593248
10,1.1,-0.55445
10,1.105,-0.514411
10,1.11,-0.473222
10,1.115,-0.430975
10,1.12,-0.387764
10,1.125,-0.343688
10,1.13,-0.298843
10,1.135,-0.253332
10,1.14,-0.207254
10,1.145,-0.160715
10,1.15,-0.113817
10,1.155,-0.0666648
10,1.16,-0.0193643
10,1.165,0.0279793
10,1.17,0.0752607
10,1.175,0.122374
10,1.18,0.169216
10,1.185,0.215681
10,1.19,0.261667
10,1.195,0.307071
10,1.2,0.351793
10,1.205,0.395735
10,1.21,0.438799
10,1.215,0.48089
10,1.22,0.521915
10,1.225,0.561785
10,1.23,0.600412
10,1.235,0.637712
10,1.24,0.673602
10,1.245,0.708005
10,1.25,0.740846
10,1.255,0.772054
10,1.26,0.801561
10,1.265,0.829305
10,1.27,0.855225
10,1.275,0.879266
10,1.28,0.901378
10,1.285,0.921513
10,1.29,0.939631
10,1.295,0.955692
10,1.3,0.969665
10,1.305,0.981521
10,1.31,0.991238
10,1.315,0.998796
10,1.32,1.00418
10,1.325,1.00739
10,1.33,1.00841
10,1.335,1.00724
10,1.34,1.0039
10,1.345,0.998391
10,1.35,0.990728
10,1.355,0.980934
10,1.36,0.969031
10,1.365,0.955051
10,1.37,0.939025
10,1.375,0.920993
10,1.38,0.900997
10,1.385,0.879083
10,1.39,0.855302
10,1.395,0.829709
10,1.4,0.802361
10,1.405,0.77332
10,1.41,0.742652
10,1.415,0.710424
10,1.42,0.67671
10,1.425,0.641582
10,1.43,0.605118
10,1.435,0.567397
10,1.44,0.528502
10,1.445,0.488516
10,1.45,0.447524
10,1.455,0.405615
10,1.46,0.362877
10,1.465,0.3194
10,1.47,0.275275
10,1.475,0.230593
10,1.48,0.185448
10,1.485,0.13993
10,1.49,0.0941324
10,1.495,0.048148
10,1.5,0.00206823
10,1.505,-0.0440156
10,1.51,-0.0900131
10,1.515,-0.135835
10,1.52,-0.181393
10,1.525,-0.226601
10,1.53,-0.271374
10,1.535,-0.315629
10,1.54,-0.359285
10,1.545,-0.402263
10,1.55,-0.444488
10,1.555,-0.485885
10,1.56,-0.526383
10,1.565,-0.565915
10,1.57,-0.604416
10,1.575,-0.641824
10,1.58,-0.67808
10,1.585,-0.71313
10,1.59,-0.746921
10,1.595,-0.779406
10,1.6,-0.810541
10,1.605,-0.840284
10,1.61,-0.8686
10,1.615,-0.895454
10,1.62,-0.920818
10,1.625,-0.944667
10,1.63,-0.966979
10,1.635,-0.987738
10,1.64,-1.00693
10,1.645,-1.02454
10,1.65,-1.04057
10,1.655,-1.05501
10,1.66,-1.06787
10,1.665,-1.07916
10,1.67,-1.08887
10,1.675,-1.09702
10,1.68,-1.10363
10,1.685,-1.10872
10,1.69,-1.11231
10,1.695,-1.11442
10,1.7,-1.11509
10,1.705,-1.11434
10,1.71,-1.1122
10,1.715,-1.10872
10,1.72,-1.10393
10,1.725,-1.09787
10,1.73,-1.09059
10,1.735,-1.08212
10,1.74,-1.07252
10,1.745,-1.06184
10,1.75,-1.05012
10,1.755,-1.0374
10,1.76,-1.02376
10,1.765,-1.00923
10,1.77,-0.993865
10,1.775,-0.977727
10,1.78,-0.960864
10,1.785,-0.943332
10,1.79,-0.925184
10,1.795,-0.906474
10,1.8,-0.887257
10,1.805,-0.867584
10,1.81,-0.847508
10,1.815,-0.827082
10,1.82,-0.806356
10,1.825,-0.785381
10,1.83,-0.764205
10,1.835,-0.742877
10,1.84,-0.721442
10,1.845,-0.699946
10,1.85,-0.678432
10,1.855,-0.656943
10,1.86,-0.635519
10,1.865,-0.614199
10,1.87,-0.593019
10,1.875,-0.572014
10,1.88,-0.551219
10,1.885,-0.530664
10,1.89,-0.510379
10,1.895,-0.490391
10,1.9,-0.470726
10,1.905,-0.451408
10,1.91,-0.432459
10,1.915,-0.413898
10,1.92,-0.395743
10,1.925,-0.378011
10,1.93,-0.360715
10,1.935,-0.343868
10,1.94,-0.32748
10,1.945,-0.311561
10,1.95,-0.296117
10,1.955,-0.281155
10,1.96,-0.266678
10,1.965,-0.252688
10,1.97,-0.239187
10,1.975,-0.226175
10,1.98,-0.213649
10,1.985,-0.201608
10,1.99,-0.190047
10,1.995,-0.17896
10,2,-0.168343
10,2.005,-0.158188
10,2.01,-0.148487
10,2.015,-0.139231
10,2.02,-0.130411
10,2.025,-0.122018
10,2.03,-0.11404
10,2.035,-0.106467
10,2.04,-0.0992873
10,2.045,-0.0924887
10,2.05,-0.0860594
10,2.055,-0.0799869
10,2.06,-0.0742588
10,2.065,-0.0688623
10,2.07,-0.0637848
10,2.075,-0.0590134
10,2.08,-0.0545356
10,2.085,-0.0503386
10,2.09,-0.0464099
10,2.095,-0.042737
10,2.1,-0.0393079
10,2.105,-0.0361104
10,2.11,-0.0331329
10,2.115,-0.0303639
10,2.12,-0.0277921
10,2.125,-0.0254067
10,2.13,-0.0231971
10,2.135,-0.0211531
10,2.14,-0.0192648
10,2.145,-0.0175227
10,2.15,-0.0159177
10,2.155,-0.014441
10,2.16,-0.0130842
10,2.165,-0.0118393
10,2.17,-0.0106987
10,2.175,-0.00965496
10,2.18,-0.00870131
10,2.185,-0.00783117
10,2.19,-0.00703834
10,2.195,-0.00631696
10,2.2,-0.00566153
10,2.205,-0.00506686
10,2.21,-0.00452808
10,2.215,-0.00404062
10,2.22,-0.00360023
10,2.225,-0.00320292
10,2.23,-0.00284496
10,2.235,-0.00252291
10,2.24,-0.00223354
10,2.245,-0.00197389
10,2.25,-0.00174118
10,2.255,-0.00153287
10,2.26,-0.0013466
10,2.265,-0.00118019
10,2.27,-0.00103164
10,2.275,-0.000899096
10,2.28,-0.000780864
10,2.285,-0.000675376
10,2.29,-0.000581188
10,2.295,-0.000496968
10,2.3,-0.000421486
10,2.305,-0.000353598
10,2.31,-0.000292239
10,2.315,-0.000236408
10,2.32,-0.00018516
10,2.325,-0.000137588
10,2.33,-9.28149e-05
10,2.335,-4.99745e-05
10,2.34,-8.20017e-06
10,2.345,3.33951e-05
10,2.35,7.57371e-05
10,2.355,0.000119813
10,2.36,0.000166697
10,2.365,0.000217578
10,2.37,0.000273801
10,2.375,0.000336903
10,2.38,0.000408664
10,2.385,0.000491174
10,2.39,0.0005869
10,2.395,0.000698781
10,2.4,0.000830337
10,2.405,0.000985805
10,2.41,0.00117031
10,2.415,0.00139006
10,2.42,0.00165262
10,2.425,0.00196723
10,2.43,0.00234517
10,2.435,0.0028003
10,2.44,0.00334965
10,2.445,0.00401419
10,2.45,0.00481984
10,2.455,0.00579864
10,2.46,0.00699031
10,2.465,0.00844422
10,2.47,0.0102218
10,2.475,0.0123997
10,2.48,0.0150738
10,2.485,0.018364
10,2.49,0.022421
10,2.495,0.0274342
10,2.5,0.0336425
10,2.505,0.0413475
10,2.51,0.0509311
10,2.515,0.0628778
10,2.52,0.0778034
10,2.525,0.0964927
10,2.53,0.119948
10,2.535,0.149451
10,2.54,0.186647
10,2.545,0.233651
10,2.55,0.293187
10,2.555,0.368775
10,2.56,0.464969
10,2.565,0.587678
10,2.57,0.744589
10,2.575,0.945719
10,2.58,1.20416
10,2.585,1.53706
10,2.59,1.96693
10,2.595,2.5234
10,2.6,3.24558
10,2.605,4.18517
10,2.61,5.41076
10,2.615,7.01349
10,2.62,9.11486
10,2.625,11.8772
